Trial ID,Milestone,Release Tag,Paradigm,Instance Family,Machine Type,vCPU Count,Silicon Architecture,Concurrency Parameter,Concurrency Value,Benchmark Command,Min Time (s),Max Time (s),Avg Time (s),Concurrent Blocks in Flight (L),Required Bare-Metal VM/Cluster Units
1,Monolithic v0.0.1,v0.0.1-single-vm-proof-gen,Monolith,c4a-highcpu,c4a-highcpu-16,16,ARM64 Neoverse V2,JOBS=1,1,cloud-bench-run TARGET=prover-c4a-highcpu-16 SHAPE=c4a-highcpu-16 JOBS=1,650.309,650.309,650.309,6504,6504
2,Monolithic v0.0.1,v0.0.1-single-vm-proof-gen,Monolith,c4a-highcpu,c4a-highcpu-16,16,ARM64 Neoverse V2,JOBS=2,2,cloud-bench-run TARGET=prover-c4a-highcpu-16 SHAPE=c4a-highcpu-16 JOBS=2,650.309,650.799,650.554,6506,3253
3,Monolithic v0.0.1,v0.0.1-single-vm-proof-gen,Monolith,c4a-highcpu,c4a-highcpu-16,16,ARM64 Neoverse V2,JOBS=3,3,cloud-bench-run TARGET=prover-c4a-highcpu-16 SHAPE=c4a-highcpu-16 JOBS=3,650.309,651.289,650.799,6508,2170
4,Monolithic v0.0.1,v0.0.1-single-vm-proof-gen,Monolith,c4a-highcpu,c4a-highcpu-16,16,ARM64 Neoverse V2,JOBS=4,4,cloud-bench-run TARGET=prover-c4a-highcpu-16 SHAPE=c4a-highcpu-16 JOBS=4,650.309,651.779,651.044,6511,1628
5,Monolithic v0.0.1,v0.0.1-single-vm-proof-gen,Monolith,c4a-highcpu,c4a-highcpu-16,16,ARM64 Neoverse V2,JOBS=5,5,cloud-bench-run TARGET=prover-c4a-highcpu-16 SHAPE=c4a-highcpu-16 JOBS=5,650.309,652.269,651.289,6513,1303
6,Monolithic v0.0.1,v0.0.1-single-vm-proof-gen,Monolith,c4a-highcpu,c4a-highcpu-32,32,ARM64 Neoverse V2,JOBS=1,1,cloud-bench-run TARGET=prover-c4a-highcpu-32 SHAPE=c4a-highcpu-32 JOBS=1,350.21,350.21,350.21,3503,3503
7,Monolithic v0.0.1,v0.0.1-single-vm-proof-gen,Monolith,c4a-highcpu,c4a-highcpu-32,32,ARM64 Neoverse V2,JOBS=2,2,cloud-bench-run TARGET=prover-c4a-highcpu-32 SHAPE=c4a-highcpu-32 JOBS=2,350.21,350.7,350.455,3505,1753
8,Monolithic v0.0.1,v0.0.1-single-vm-proof-gen,Monolith,c4a-highcpu,c4a-highcpu-32,32,ARM64 Neoverse V2,JOBS=3,3,cloud-bench-run TARGET=prover-c4a-highcpu-32 SHAPE=c4a-highcpu-32 JOBS=3,350.21,351.19,350.7,3507,1169
9,Monolithic v0.0.1,v0.0.1-single-vm-proof-gen,Monolith,c4a-highcpu,c4a-highcpu-32,32,ARM64 Neoverse V2,JOBS=4,4,cloud-bench-run TARGET=prover-c4a-highcpu-32 SHAPE=c4a-highcpu-32 JOBS=4,350.21,351.68,350.945,3510,878
10,Monolithic v0.0.1,v0.0.1-single-vm-proof-gen,Monolith,c4a-highcpu,c4a-highcpu-32,32,ARM64 Neoverse V2,JOBS=5,5,cloud-bench-run TARGET=prover-c4a-highcpu-32 SHAPE=c4a-highcpu-32 JOBS=5,350.21,352.17,351.19,3512,703
11,Monolithic v0.0.1,v0.0.1-single-vm-proof-gen,Monolith,c4a-highcpu,c4a-highcpu-48,48,ARM64 Neoverse V2,JOBS=1,1,cloud-bench-run TARGET=prover-c4a-highcpu-48 SHAPE=c4a-highcpu-48 JOBS=1,260.102,260.102,260.102,2602,2602
12,Monolithic v0.0.1,v0.0.1-single-vm-proof-gen,Monolith,c4a-highcpu,c4a-highcpu-48,48,ARM64 Neoverse V2,JOBS=2,2,cloud-bench-run TARGET=prover-c4a-highcpu-48 SHAPE=c4a-highcpu-48 JOBS=2,260.102,260.592,260.347,2604,1302
13,Monolithic v0.0.1,v0.0.1-single-vm-proof-gen,Monolith,c4a-highcpu,c4a-highcpu-48,48,ARM64 Neoverse V2,JOBS=3,3,cloud-bench-run TARGET=prover-c4a-highcpu-48 SHAPE=c4a-highcpu-48 JOBS=3,260.102,261.082,260.592,2606,869
14,Monolithic v0.0.1,v0.0.1-single-vm-proof-gen,Monolith,c4a-highcpu,c4a-highcpu-48,48,ARM64 Neoverse V2,JOBS=4,4,cloud-bench-run TARGET=prover-c4a-highcpu-48 SHAPE=c4a-highcpu-48 JOBS=4,260.102,261.572,260.837,2609,653
15,Monolithic v0.0.1,v0.0.1-single-vm-proof-gen,Monolith,c4a-highcpu,c4a-highcpu-48,48,ARM64 Neoverse V2,JOBS=5,5,cloud-bench-run TARGET=prover-c4a-highcpu-48 SHAPE=c4a-highcpu-48 JOBS=5,260.102,262.062,261.082,2611,523
16,Monolithic v0.0.1,v0.0.1-single-vm-proof-gen,Monolith,c4a-highcpu,c4a-highcpu-64,64,ARM64 Neoverse V2,JOBS=1,1,cloud-bench-run TARGET=prover-c4a-highcpu-64 SHAPE=c4a-highcpu-64 JOBS=1,209.373,209.373,209.373,2094,2094
17,Monolithic v0.0.1,v0.0.1-single-vm-proof-gen,Monolith,c4a-highcpu,c4a-highcpu-64,64,ARM64 Neoverse V2,JOBS=2,2,cloud-bench-run TARGET=prover-c4a-highcpu-64 SHAPE=c4a-highcpu-64 JOBS=2,209.373,209.863,209.618,2097,1049
18,Monolithic v0.0.1,v0.0.1-single-vm-proof-gen,Monolith,c4a-highcpu,c4a-highcpu-64,64,ARM64 Neoverse V2,JOBS=3,3,cloud-bench-run TARGET=prover-c4a-highcpu-64 SHAPE=c4a-highcpu-64 JOBS=3,209.373,210.353,209.863,2099,700
19,Monolithic v0.0.1,v0.0.1-single-vm-proof-gen,Monolith,c4a-highcpu,c4a-highcpu-64,64,ARM64 Neoverse V2,JOBS=4,4,cloud-bench-run TARGET=prover-c4a-highcpu-64 SHAPE=c4a-highcpu-64 JOBS=4,209.373,210.843,210.108,2102,526
20,Monolithic v0.0.1,v0.0.1-single-vm-proof-gen,Monolith,c4a-highcpu,c4a-highcpu-64,64,ARM64 Neoverse V2,JOBS=5,5,cloud-bench-run TARGET=prover-c4a-highcpu-64 SHAPE=c4a-highcpu-64 JOBS=5,209.373,211.333,210.353,2104,421
21,Monolithic v0.0.1,v0.0.1-single-vm-proof-gen,Monolith,c4a-highcpu,c4a-highcpu-72,72,ARM64 Neoverse V2,JOBS=1,1,cloud-bench-run TARGET=prover-c4a-highcpu-72 SHAPE=c4a-highcpu-72 JOBS=1,195.12,195.12,195.12,1952,1952
22,Monolithic v0.0.1,v0.0.1-single-vm-proof-gen,Monolith,c4a-highcpu,c4a-highcpu-72,72,ARM64 Neoverse V2,JOBS=2,2,cloud-bench-run TARGET=prover-c4a-highcpu-72 SHAPE=c4a-highcpu-72 JOBS=2,195.12,195.61,195.365,1954,977
23,Monolithic v0.0.1,v0.0.1-single-vm-proof-gen,Monolith,c4a-highcpu,c4a-highcpu-72,72,ARM64 Neoverse V2,JOBS=3,3,cloud-bench-run TARGET=prover-c4a-highcpu-72 SHAPE=c4a-highcpu-72 JOBS=3,195.12,196.1,195.61,1957,653
24,Monolithic v0.0.1,v0.0.1-single-vm-proof-gen,Monolith,c4a-highcpu,c4a-highcpu-72,72,ARM64 Neoverse V2,JOBS=4,4,cloud-bench-run TARGET=prover-c4a-highcpu-72 SHAPE=c4a-highcpu-72 JOBS=4,195.12,196.59,195.855,1959,490
25,Monolithic v0.0.1,v0.0.1-single-vm-proof-gen,Monolith,c4a-highcpu,c4a-highcpu-72,72,ARM64 Neoverse V2,JOBS=5,5,cloud-bench-run TARGET=prover-c4a-highcpu-72 SHAPE=c4a-highcpu-72 JOBS=5,195.12,197.08,196.1,1961,393
26,Monolithic v0.0.1,v0.0.1-single-vm-proof-gen,Monolith,c4d-highcpu,c4d-highcpu-16,16,AMD Turin Zen 5,JOBS=1,1,cloud-bench-run TARGET=prover-c4d-highcpu-16 SHAPE=c4d-highcpu-16 JOBS=1,310.2,310.2,310.2,3102,3102
27,Monolithic v0.0.1,v0.0.1-single-vm-proof-gen,Monolith,c4d-highcpu,c4d-highcpu-16,16,AMD Turin Zen 5,JOBS=2,2,cloud-bench-run TARGET=prover-c4d-highcpu-16 SHAPE=c4d-highcpu-16 JOBS=2,310.2,310.69,310.445,3105,1553
28,Monolithic v0.0.1,v0.0.1-single-vm-proof-gen,Monolith,c4d-highcpu,c4d-highcpu-16,16,AMD Turin Zen 5,JOBS=3,3,cloud-bench-run TARGET=prover-c4d-highcpu-16 SHAPE=c4d-highcpu-16 JOBS=3,310.2,311.18,310.69,3107,1036
29,Monolithic v0.0.1,v0.0.1-single-vm-proof-gen,Monolith,c4d-highcpu,c4d-highcpu-16,16,AMD Turin Zen 5,JOBS=4,4,cloud-bench-run TARGET=prover-c4d-highcpu-16 SHAPE=c4d-highcpu-16 JOBS=4,310.2,311.67,310.935,3110,778
30,Monolithic v0.0.1,v0.0.1-single-vm-proof-gen,Monolith,c4d-highcpu,c4d-highcpu-16,16,AMD Turin Zen 5,JOBS=5,5,cloud-bench-run TARGET=prover-c4d-highcpu-16 SHAPE=c4d-highcpu-16 JOBS=5,310.2,312.16,311.18,3112,623
31,Monolithic v0.0.1,v0.0.1-single-vm-proof-gen,Monolith,c4d-highcpu,c4d-highcpu-32,32,AMD Turin Zen 5,JOBS=1,1,cloud-bench-run TARGET=prover-c4d-highcpu-32 SHAPE=c4d-highcpu-32 JOBS=1,170.1,170.1,170.1,1701,1701
32,Monolithic v0.0.1,v0.0.1-single-vm-proof-gen,Monolith,c4d-highcpu,c4d-highcpu-32,32,AMD Turin Zen 5,JOBS=2,2,cloud-bench-run TARGET=prover-c4d-highcpu-32 SHAPE=c4d-highcpu-32 JOBS=2,170.1,170.59,170.345,1704,852
33,Monolithic v0.0.1,v0.0.1-single-vm-proof-gen,Monolith,c4d-highcpu,c4d-highcpu-32,32,AMD Turin Zen 5,JOBS=3,3,cloud-bench-run TARGET=prover-c4d-highcpu-32 SHAPE=c4d-highcpu-32 JOBS=3,170.1,171.08,170.59,1706,569
34,Monolithic v0.0.1,v0.0.1-single-vm-proof-gen,Monolith,c4d-highcpu,c4d-highcpu-32,32,AMD Turin Zen 5,JOBS=4,4,cloud-bench-run TARGET=prover-c4d-highcpu-32 SHAPE=c4d-highcpu-32 JOBS=4,170.1,171.57,170.835,1709,428
35,Monolithic v0.0.1,v0.0.1-single-vm-proof-gen,Monolith,c4d-highcpu,c4d-highcpu-32,32,AMD Turin Zen 5,JOBS=5,5,cloud-bench-run TARGET=prover-c4d-highcpu-32 SHAPE=c4d-highcpu-32 JOBS=5,170.1,172.06,171.08,1711,343
36,Monolithic v0.0.1,v0.0.1-single-vm-proof-gen,Monolith,c4d-highcpu,c4d-highcpu-48,48,AMD Turin Zen 5,JOBS=1,1,cloud-bench-run TARGET=prover-c4d-highcpu-48 SHAPE=c4d-highcpu-48 JOBS=1,125.05,125.05,125.05,1251,1251
37,Monolithic v0.0.1,v0.0.1-single-vm-proof-gen,Monolith,c4d-highcpu,c4d-highcpu-48,48,AMD Turin Zen 5,JOBS=2,2,cloud-bench-run TARGET=prover-c4d-highcpu-48 SHAPE=c4d-highcpu-48 JOBS=2,125.05,125.54,125.295,1253,627
38,Monolithic v0.0.1,v0.0.1-single-vm-proof-gen,Monolith,c4d-highcpu,c4d-highcpu-48,48,AMD Turin Zen 5,JOBS=3,3,cloud-bench-run TARGET=prover-c4d-highcpu-48 SHAPE=c4d-highcpu-48 JOBS=3,125.05,126.03,125.54,1256,419
39,Monolithic v0.0.1,v0.0.1-single-vm-proof-gen,Monolith,c4d-highcpu,c4d-highcpu-48,48,AMD Turin Zen 5,JOBS=4,4,cloud-bench-run TARGET=prover-c4d-highcpu-48 SHAPE=c4d-highcpu-48 JOBS=4,125.05,126.52,125.785,1258,315
40,Monolithic v0.0.1,v0.0.1-single-vm-proof-gen,Monolith,c4d-highcpu,c4d-highcpu-48,48,AMD Turin Zen 5,JOBS=5,5,cloud-bench-run TARGET=prover-c4d-highcpu-48 SHAPE=c4d-highcpu-48 JOBS=5,125.05,127.01,126.03,1261,253
41,Monolithic v0.0.1,v0.0.1-single-vm-proof-gen,Monolith,c4d-highcpu,c4d-highcpu-64,64,AMD Turin Zen 5,JOBS=1,1,cloud-bench-run TARGET=prover-c4d-highcpu-64 SHAPE=c4d-highcpu-64 JOBS=1,99.498,99.498,99.498,995,995
42,Monolithic v0.0.1,v0.0.1-single-vm-proof-gen,Monolith,c4d-highcpu,c4d-highcpu-64,64,AMD Turin Zen 5,JOBS=2,2,cloud-bench-run TARGET=prover-c4d-highcpu-64 SHAPE=c4d-highcpu-64 JOBS=2,99.498,99.988,99.743,998,499
43,Monolithic v0.0.1,v0.0.1-single-vm-proof-gen,Monolith,c4d-highcpu,c4d-highcpu-64,64,AMD Turin Zen 5,JOBS=3,3,cloud-bench-run TARGET=prover-c4d-highcpu-64 SHAPE=c4d-highcpu-64 JOBS=3,99.498,100.478,99.988,1000,334
44,Monolithic v0.0.1,v0.0.1-single-vm-proof-gen,Monolith,c4d-highcpu,c4d-highcpu-64,64,AMD Turin Zen 5,JOBS=4,4,cloud-bench-run TARGET=prover-c4d-highcpu-64 SHAPE=c4d-highcpu-64 JOBS=4,99.498,100.968,100.233,1003,251
45,Monolithic v0.0.1,v0.0.1-single-vm-proof-gen,Monolith,c4d-highcpu,c4d-highcpu-64,64,AMD Turin Zen 5,JOBS=5,5,cloud-bench-run TARGET=prover-c4d-highcpu-64 SHAPE=c4d-highcpu-64 JOBS=5,99.498,101.458,100.478,1005,201
46,Monolithic v0.0.1,v0.0.1-single-vm-proof-gen,Monolith,c4d-highcpu,c4d-highcpu-96,96,AMD Turin Zen 5,JOBS=1,1,cloud-bench-run TARGET=prover-c4d-highcpu-96 SHAPE=c4d-highcpu-96 JOBS=1,72.1,72.1,72.1,721,721
47,Monolithic v0.0.1,v0.0.1-single-vm-proof-gen,Monolith,c4d-highcpu,c4d-highcpu-96,96,AMD Turin Zen 5,JOBS=2,2,cloud-bench-run TARGET=prover-c4d-highcpu-96 SHAPE=c4d-highcpu-96 JOBS=2,72.1,72.59,72.345,724,362
48,Monolithic v0.0.1,v0.0.1-single-vm-proof-gen,Monolith,c4d-highcpu,c4d-highcpu-96,96,AMD Turin Zen 5,JOBS=3,3,cloud-bench-run TARGET=prover-c4d-highcpu-96 SHAPE=c4d-highcpu-96 JOBS=3,72.1,73.08,72.59,726,242
49,Monolithic v0.0.1,v0.0.1-single-vm-proof-gen,Monolith,c4d-highcpu,c4d-highcpu-96,96,AMD Turin Zen 5,JOBS=4,4,cloud-bench-run TARGET=prover-c4d-highcpu-96 SHAPE=c4d-highcpu-96 JOBS=4,72.1,73.57,72.835,729,183
50,Monolithic v0.0.1,v0.0.1-single-vm-proof-gen,Monolith,c4d-highcpu,c4d-highcpu-96,96,AMD Turin Zen 5,JOBS=5,5,cloud-bench-run TARGET=prover-c4d-highcpu-96 SHAPE=c4d-highcpu-96 JOBS=5,72.1,74.06,73.08,731,147
51,Monolithic v0.0.1,v0.0.1-single-vm-proof-gen,Monolith,c3d-highcpu,c3d-highcpu-16,16,AMD Genoa Zen 4,JOBS=1,1,cloud-bench-run TARGET=prover-c3d-highcpu-16 SHAPE=c3d-highcpu-16 JOBS=1,450.1,450.1,450.1,4501,4501
52,Monolithic v0.0.1,v0.0.1-single-vm-proof-gen,Monolith,c3d-highcpu,c3d-highcpu-16,16,AMD Genoa Zen 4,JOBS=2,2,cloud-bench-run TARGET=prover-c3d-highcpu-16 SHAPE=c3d-highcpu-16 JOBS=2,450.1,450.59,450.345,4504,2252
53,Monolithic v0.0.1,v0.0.1-single-vm-proof-gen,Monolith,c3d-highcpu,c3d-highcpu-16,16,AMD Genoa Zen 4,JOBS=3,3,cloud-bench-run TARGET=prover-c3d-highcpu-16 SHAPE=c3d-highcpu-16 JOBS=3,450.1,451.08,450.59,4506,1502
54,Monolithic v0.0.1,v0.0.1-single-vm-proof-gen,Monolith,c3d-highcpu,c3d-highcpu-16,16,AMD Genoa Zen 4,JOBS=4,4,cloud-bench-run TARGET=prover-c3d-highcpu-16 SHAPE=c3d-highcpu-16 JOBS=4,450.1,451.57,450.835,4509,1128
55,Monolithic v0.0.1,v0.0.1-single-vm-proof-gen,Monolith,c3d-highcpu,c3d-highcpu-16,16,AMD Genoa Zen 4,JOBS=5,5,cloud-bench-run TARGET=prover-c3d-highcpu-16 SHAPE=c3d-highcpu-16 JOBS=5,450.1,452.06,451.08,4511,903
56,Monolithic v0.0.1,v0.0.1-single-vm-proof-gen,Monolith,c3d-highcpu,c3d-highcpu-30,30,AMD Genoa Zen 4,JOBS=1,1,cloud-bench-run TARGET=prover-c3d-highcpu-30 SHAPE=c3d-highcpu-30 JOBS=1,262.669,262.669,262.669,2627,2627
57,Monolithic v0.0.1,v0.0.1-single-vm-proof-gen,Monolith,c3d-highcpu,c3d-highcpu-30,30,AMD Genoa Zen 4,JOBS=2,2,cloud-bench-run TARGET=prover-c3d-highcpu-30 SHAPE=c3d-highcpu-30 JOBS=2,267.145,268.751,267.948,2680,1340
58,Monolithic v0.0.1,v0.0.1-single-vm-proof-gen,Monolith,c3d-highcpu,c3d-highcpu-30,30,AMD Genoa Zen 4,JOBS=3,3,cloud-bench-run TARGET=prover-c3d-highcpu-30 SHAPE=c3d-highcpu-30 JOBS=3,270.549,272.36,271.394,2714,905
59,Monolithic v0.0.1,v0.0.1-single-vm-proof-gen,Monolith,c3d-highcpu,c3d-highcpu-30,30,AMD Genoa Zen 4,JOBS=4,4,cloud-bench-run TARGET=prover-c3d-highcpu-30 SHAPE=c3d-highcpu-30 JOBS=4,274.765,276.694,275.729,2758,690
60,Monolithic v0.0.1,v0.0.1-single-vm-proof-gen,Monolith,c3d-highcpu,c3d-highcpu-30,30,AMD Genoa Zen 4,JOBS=5,5,cloud-bench-run TARGET=prover-c3d-highcpu-30 SHAPE=c3d-highcpu-30 JOBS=5,278.429,280.442,279.413,2795,559
61,Monolithic v0.0.1,v0.0.1-single-vm-proof-gen,Monolith,c3d-highcpu,c3d-highcpu-60,60,AMD Genoa Zen 4,JOBS=1,1,cloud-bench-run TARGET=prover-c3d-highcpu-60 SHAPE=c3d-highcpu-60 JOBS=1,144.298,144.298,144.298,1443,1443
62,Monolithic v0.0.1,v0.0.1-single-vm-proof-gen,Monolith,c3d-highcpu,c3d-highcpu-60,60,AMD Genoa Zen 4,JOBS=2,2,cloud-bench-run TARGET=prover-c3d-highcpu-60 SHAPE=c3d-highcpu-60 JOBS=2,144.298,144.788,144.543,1446,723
63,Monolithic v0.0.1,v0.0.1-single-vm-proof-gen,Monolith,c3d-highcpu,c3d-highcpu-60,60,AMD Genoa Zen 4,JOBS=3,3,cloud-bench-run TARGET=prover-c3d-highcpu-60 SHAPE=c3d-highcpu-60 JOBS=3,144.298,145.278,144.788,1448,483
64,Monolithic v0.0.1,v0.0.1-single-vm-proof-gen,Monolith,c3d-highcpu,c3d-highcpu-60,60,AMD Genoa Zen 4,JOBS=4,4,cloud-bench-run TARGET=prover-c3d-highcpu-60 SHAPE=c3d-highcpu-60 JOBS=4,144.298,145.768,145.033,1451,363
65,Monolithic v0.0.1,v0.0.1-single-vm-proof-gen,Monolith,c3d-highcpu,c3d-highcpu-60,60,AMD Genoa Zen 4,JOBS=5,5,cloud-bench-run TARGET=prover-c3d-highcpu-60 SHAPE=c3d-highcpu-60 JOBS=5,144.298,146.258,145.278,1453,291
66,Monolithic v0.0.1,v0.0.1-single-vm-proof-gen,Monolith,c3d-highcpu,c3d-highcpu-90,90,AMD Genoa Zen 4,JOBS=1,1,cloud-bench-run TARGET=prover-c3d-highcpu-90 SHAPE=c3d-highcpu-90 JOBS=1,105.1,105.1,105.1,1051,1051
67,Monolithic v0.0.1,v0.0.1-single-vm-proof-gen,Monolith,c3d-highcpu,c3d-highcpu-90,90,AMD Genoa Zen 4,JOBS=2,2,cloud-bench-run TARGET=prover-c3d-highcpu-90 SHAPE=c3d-highcpu-90 JOBS=2,105.1,105.59,105.345,1054,527
68,Monolithic v0.0.1,v0.0.1-single-vm-proof-gen,Monolith,c3d-highcpu,c3d-highcpu-90,90,AMD Genoa Zen 4,JOBS=3,3,cloud-bench-run TARGET=prover-c3d-highcpu-90 SHAPE=c3d-highcpu-90 JOBS=3,105.1,106.08,105.59,1056,352
69,Monolithic v0.0.1,v0.0.1-single-vm-proof-gen,Monolith,c3d-highcpu,c3d-highcpu-90,90,AMD Genoa Zen 4,JOBS=4,4,cloud-bench-run TARGET=prover-c3d-highcpu-90 SHAPE=c3d-highcpu-90 JOBS=4,105.1,106.57,105.835,1059,265
70,Monolithic v0.0.1,v0.0.1-single-vm-proof-gen,Monolith,c3d-highcpu,c3d-highcpu-90,90,AMD Genoa Zen 4,JOBS=5,5,cloud-bench-run TARGET=prover-c3d-highcpu-90 SHAPE=c3d-highcpu-90 JOBS=5,105.1,107.06,106.08,1061,213
71,Monolithic v0.0.1,v0.0.1-single-vm-proof-gen,Monolith,c3d-highcpu,c3d-highcpu-180,180,AMD Genoa Zen 4,JOBS=1,1,cloud-bench-run TARGET=prover-c3d-highcpu-180 SHAPE=c3d-highcpu-180 JOBS=1,62.4,62.4,62.4,624,624
72,Monolithic v0.0.1,v0.0.1-single-vm-proof-gen,Monolith,c3d-highcpu,c3d-highcpu-180,180,AMD Genoa Zen 4,JOBS=2,2,cloud-bench-run TARGET=prover-c3d-highcpu-180 SHAPE=c3d-highcpu-180 JOBS=2,62.4,62.89,62.645,627,314
73,Monolithic v0.0.1,v0.0.1-single-vm-proof-gen,Monolith,c3d-highcpu,c3d-highcpu-180,180,AMD Genoa Zen 4,JOBS=3,3,cloud-bench-run TARGET=prover-c3d-highcpu-180 SHAPE=c3d-highcpu-180 JOBS=3,62.4,63.38,62.89,629,210
74,Monolithic v0.0.1,v0.0.1-single-vm-proof-gen,Monolith,c3d-highcpu,c3d-highcpu-180,180,AMD Genoa Zen 4,JOBS=4,4,cloud-bench-run TARGET=prover-c3d-highcpu-180 SHAPE=c3d-highcpu-180 JOBS=4,62.4,63.87,63.135,632,158
75,Monolithic v0.0.1,v0.0.1-single-vm-proof-gen,Monolith,c3d-highcpu,c3d-highcpu-180,180,AMD Genoa Zen 4,JOBS=5,5,cloud-bench-run TARGET=prover-c3d-highcpu-180 SHAPE=c3d-highcpu-180 JOBS=5,62.4,64.36,63.38,634,127
76,Monolithic v0.0.1,v0.0.1-single-vm-proof-gen,Monolith,t2d-standard,t2d-standard-16,16,AMD Milan Zen 3,JOBS=1,1,cloud-bench-run TARGET=prover-t2d-standard-16 SHAPE=t2d-standard-16 JOBS=1,590.2,590.2,590.2,5902,5902
77,Monolithic v0.0.1,v0.0.1-single-vm-proof-gen,Monolith,t2d-standard,t2d-standard-16,16,AMD Milan Zen 3,JOBS=2,2,cloud-bench-run TARGET=prover-t2d-standard-16 SHAPE=t2d-standard-16 JOBS=2,590.2,590.69,590.445,5905,2953
78,Monolithic v0.0.1,v0.0.1-single-vm-proof-gen,Monolith,t2d-standard,t2d-standard-16,16,AMD Milan Zen 3,JOBS=3,3,cloud-bench-run TARGET=prover-t2d-standard-16 SHAPE=t2d-standard-16 JOBS=3,590.2,591.18,590.69,5907,1969
79,Monolithic v0.0.1,v0.0.1-single-vm-proof-gen,Monolith,t2d-standard,t2d-standard-16,16,AMD Milan Zen 3,JOBS=4,4,cloud-bench-run TARGET=prover-t2d-standard-16 SHAPE=t2d-standard-16 JOBS=4,590.2,591.67,590.935,5910,1478
80,Monolithic v0.0.1,v0.0.1-single-vm-proof-gen,Monolith,t2d-standard,t2d-standard-16,16,AMD Milan Zen 3,JOBS=5,5,cloud-bench-run TARGET=prover-t2d-standard-16 SHAPE=t2d-standard-16 JOBS=5,590.2,592.16,591.18,5912,1183
81,Monolithic v0.0.1,v0.0.1-single-vm-proof-gen,Monolith,t2d-standard,t2d-standard-32,32,AMD Milan Zen 3,JOBS=1,1,cloud-bench-run TARGET=prover-t2d-standard-32 SHAPE=t2d-standard-32 JOBS=1,320.1,320.1,320.1,3201,3201
82,Monolithic v0.0.1,v0.0.1-single-vm-proof-gen,Monolith,t2d-standard,t2d-standard-32,32,AMD Milan Zen 3,JOBS=2,2,cloud-bench-run TARGET=prover-t2d-standard-32 SHAPE=t2d-standard-32 JOBS=2,320.1,320.59,320.345,3204,1602
83,Monolithic v0.0.1,v0.0.1-single-vm-proof-gen,Monolith,t2d-standard,t2d-standard-32,32,AMD Milan Zen 3,JOBS=3,3,cloud-bench-run TARGET=prover-t2d-standard-32 SHAPE=t2d-standard-32 JOBS=3,320.1,321.08,320.59,3206,1069
84,Monolithic v0.0.1,v0.0.1-single-vm-proof-gen,Monolith,t2d-standard,t2d-standard-32,32,AMD Milan Zen 3,JOBS=4,4,cloud-bench-run TARGET=prover-t2d-standard-32 SHAPE=t2d-standard-32 JOBS=4,320.1,321.57,320.835,3209,803
85,Monolithic v0.0.1,v0.0.1-single-vm-proof-gen,Monolith,t2d-standard,t2d-standard-32,32,AMD Milan Zen 3,JOBS=5,5,cloud-bench-run TARGET=prover-t2d-standard-32 SHAPE=t2d-standard-32 JOBS=5,320.1,322.06,321.08,3211,643
86,Monolithic v0.0.1,v0.0.1-single-vm-proof-gen,Monolith,t2d-standard,t2d-standard-48,48,AMD Milan Zen 3,JOBS=1,1,cloud-bench-run TARGET=prover-t2d-standard-48 SHAPE=t2d-standard-48 JOBS=1,235.1,235.1,235.1,2351,2351
87,Monolithic v0.0.1,v0.0.1-single-vm-proof-gen,Monolith,t2d-standard,t2d-standard-48,48,AMD Milan Zen 3,JOBS=2,2,cloud-bench-run TARGET=prover-t2d-standard-48 SHAPE=t2d-standard-48 JOBS=2,235.1,235.59,235.345,2354,1177
88,Monolithic v0.0.1,v0.0.1-single-vm-proof-gen,Monolith,t2d-standard,t2d-standard-48,48,AMD Milan Zen 3,JOBS=3,3,cloud-bench-run TARGET=prover-t2d-standard-48 SHAPE=t2d-standard-48 JOBS=3,235.1,236.08,235.59,2356,786
89,Monolithic v0.0.1,v0.0.1-single-vm-proof-gen,Monolith,t2d-standard,t2d-standard-48,48,AMD Milan Zen 3,JOBS=4,4,cloud-bench-run TARGET=prover-t2d-standard-48 SHAPE=t2d-standard-48 JOBS=4,235.1,236.57,235.835,2359,590
90,Monolithic v0.0.1,v0.0.1-single-vm-proof-gen,Monolith,t2d-standard,t2d-standard-48,48,AMD Milan Zen 3,JOBS=5,5,cloud-bench-run TARGET=prover-t2d-standard-48 SHAPE=t2d-standard-48 JOBS=5,235.1,237.06,236.08,2361,473
91,Monolithic v0.0.1,v0.0.1-single-vm-proof-gen,Monolith,t2d-standard,t2d-standard-60,60,AMD Milan Zen 3,JOBS=1,1,cloud-bench-run TARGET=prover-t2d-standard-60 SHAPE=t2d-standard-60 JOBS=1,190.036,190.036,190.036,1901,1901
92,Monolithic v0.0.1,v0.0.1-single-vm-proof-gen,Monolith,t2d-standard,t2d-standard-60,60,AMD Milan Zen 3,JOBS=2,2,cloud-bench-run TARGET=prover-t2d-standard-60 SHAPE=t2d-standard-60 JOBS=2,190.036,190.526,190.281,1903,952
93,Monolithic v0.0.1,v0.0.1-single-vm-proof-gen,Monolith,t2d-standard,t2d-standard-60,60,AMD Milan Zen 3,JOBS=3,3,cloud-bench-run TARGET=prover-t2d-standard-60 SHAPE=t2d-standard-60 JOBS=3,190.036,191.016,190.526,1906,636
94,Monolithic v0.0.1,v0.0.1-single-vm-proof-gen,Monolith,t2d-standard,t2d-standard-60,60,AMD Milan Zen 3,JOBS=4,4,cloud-bench-run TARGET=prover-t2d-standard-60 SHAPE=t2d-standard-60 JOBS=4,190.036,191.506,190.771,1908,477
95,Monolithic v0.0.1,v0.0.1-single-vm-proof-gen,Monolith,t2d-standard,t2d-standard-60,60,AMD Milan Zen 3,JOBS=5,5,cloud-bench-run TARGET=prover-t2d-standard-60 SHAPE=t2d-standard-60 JOBS=5,190.036,191.996,191.016,1911,383
96,Dynamic Monolithic v0.0.2,v0.0.2,Monolith,c4a-highcpu,c4a-highcpu-16,16,ARM64 Neoverse V2,JOBS=1,1,cloud-bench-run TARGET=prover-c4a-highcpu-16 SHAPE=c4a-highcpu-16 JOBS=1,520.12,520.12,520.12,5202,5202
97,Dynamic Monolithic v0.0.2,v0.0.2,Monolith,c4a-highcpu,c4a-highcpu-16,16,ARM64 Neoverse V2,JOBS=2,2,cloud-bench-run TARGET=prover-c4a-highcpu-16 SHAPE=c4a-highcpu-16 JOBS=2,520.12,520.61,520.365,5204,2602
98,Dynamic Monolithic v0.0.2,v0.0.2,Monolith,c4a-highcpu,c4a-highcpu-16,16,ARM64 Neoverse V2,JOBS=3,3,cloud-bench-run TARGET=prover-c4a-highcpu-16 SHAPE=c4a-highcpu-16 JOBS=3,520.12,521.1,520.61,5207,1736
99,Dynamic Monolithic v0.0.2,v0.0.2,Monolith,c4a-highcpu,c4a-highcpu-16,16,ARM64 Neoverse V2,JOBS=4,4,cloud-bench-run TARGET=prover-c4a-highcpu-16 SHAPE=c4a-highcpu-16 JOBS=4,520.12,521.59,520.855,5209,1303
100,Dynamic Monolithic v0.0.2,v0.0.2,Monolith,c4a-highcpu,c4a-highcpu-16,16,ARM64 Neoverse V2,JOBS=5,5,cloud-bench-run TARGET=prover-c4a-highcpu-16 SHAPE=c4a-highcpu-16 JOBS=5,520.12,522.08,521.1,5211,1043
101,Dynamic Monolithic v0.0.2,v0.0.2,Monolith,c4a-highcpu,c4a-highcpu-32,32,ARM64 Neoverse V2,JOBS=1,1,cloud-bench-run TARGET=prover-c4a-highcpu-32 SHAPE=c4a-highcpu-32 JOBS=1,280.115,280.115,280.115,2802,2802
102,Dynamic Monolithic v0.0.2,v0.0.2,Monolith,c4a-highcpu,c4a-highcpu-32,32,ARM64 Neoverse V2,JOBS=2,2,cloud-bench-run TARGET=prover-c4a-highcpu-32 SHAPE=c4a-highcpu-32 JOBS=2,280.115,280.605,280.36,2804,1402
103,Dynamic Monolithic v0.0.2,v0.0.2,Monolith,c4a-highcpu,c4a-highcpu-32,32,ARM64 Neoverse V2,JOBS=3,3,cloud-bench-run TARGET=prover-c4a-highcpu-32 SHAPE=c4a-highcpu-32 JOBS=3,280.115,281.095,280.605,2807,936
104,Dynamic Monolithic v0.0.2,v0.0.2,Monolith,c4a-highcpu,c4a-highcpu-32,32,ARM64 Neoverse V2,JOBS=4,4,cloud-bench-run TARGET=prover-c4a-highcpu-32 SHAPE=c4a-highcpu-32 JOBS=4,280.115,281.585,280.85,2809,703
105,Dynamic Monolithic v0.0.2,v0.0.2,Monolith,c4a-highcpu,c4a-highcpu-32,32,ARM64 Neoverse V2,JOBS=5,5,cloud-bench-run TARGET=prover-c4a-highcpu-32 SHAPE=c4a-highcpu-32 JOBS=5,280.115,282.075,281.095,2811,563
106,Dynamic Monolithic v0.0.2,v0.0.2,Monolith,c4a-highcpu,c4a-highcpu-48,48,ARM64 Neoverse V2,JOBS=1,1,cloud-bench-run TARGET=prover-c4a-highcpu-48 SHAPE=c4a-highcpu-48 JOBS=1,210.05,210.05,210.05,2101,2101
107,Dynamic Monolithic v0.0.2,v0.0.2,Monolith,c4a-highcpu,c4a-highcpu-48,48,ARM64 Neoverse V2,JOBS=2,2,cloud-bench-run TARGET=prover-c4a-highcpu-48 SHAPE=c4a-highcpu-48 JOBS=2,210.05,210.54,210.295,2103,1052
108,Dynamic Monolithic v0.0.2,v0.0.2,Monolith,c4a-highcpu,c4a-highcpu-48,48,ARM64 Neoverse V2,JOBS=3,3,cloud-bench-run TARGET=prover-c4a-highcpu-48 SHAPE=c4a-highcpu-48 JOBS=3,210.05,211.03,210.54,2106,702
109,Dynamic Monolithic v0.0.2,v0.0.2,Monolith,c4a-highcpu,c4a-highcpu-48,48,ARM64 Neoverse V2,JOBS=4,4,cloud-bench-run TARGET=prover-c4a-highcpu-48 SHAPE=c4a-highcpu-48 JOBS=4,210.05,211.52,210.785,2108,527
110,Dynamic Monolithic v0.0.2,v0.0.2,Monolith,c4a-highcpu,c4a-highcpu-48,48,ARM64 Neoverse V2,JOBS=5,5,cloud-bench-run TARGET=prover-c4a-highcpu-48 SHAPE=c4a-highcpu-48 JOBS=5,210.05,212.01,211.03,2111,423
111,Dynamic Monolithic v0.0.2,v0.0.2,Monolith,c4a-highcpu,c4a-highcpu-64,64,ARM64 Neoverse V2,JOBS=1,1,cloud-bench-run TARGET=prover-c4a-highcpu-64 SHAPE=c4a-highcpu-64 JOBS=1,171.262,171.262,171.262,1713,1713
112,Dynamic Monolithic v0.0.2,v0.0.2,Monolith,c4a-highcpu,c4a-highcpu-64,64,ARM64 Neoverse V2,JOBS=2,2,cloud-bench-run TARGET=prover-c4a-highcpu-64 SHAPE=c4a-highcpu-64 JOBS=2,171.262,171.752,171.507,1716,858
113,Dynamic Monolithic v0.0.2,v0.0.2,Monolith,c4a-highcpu,c4a-highcpu-64,64,ARM64 Neoverse V2,JOBS=3,3,cloud-bench-run TARGET=prover-c4a-highcpu-64 SHAPE=c4a-highcpu-64 JOBS=3,171.262,172.242,171.752,1718,573
114,Dynamic Monolithic v0.0.2,v0.0.2,Monolith,c4a-highcpu,c4a-highcpu-64,64,ARM64 Neoverse V2,JOBS=4,4,cloud-bench-run TARGET=prover-c4a-highcpu-64 SHAPE=c4a-highcpu-64 JOBS=4,171.262,172.732,171.997,1720,430
115,Dynamic Monolithic v0.0.2,v0.0.2,Monolith,c4a-highcpu,c4a-highcpu-64,64,ARM64 Neoverse V2,JOBS=5,5,cloud-bench-run TARGET=prover-c4a-highcpu-64 SHAPE=c4a-highcpu-64 JOBS=5,171.262,173.222,172.242,1723,345
116,Dynamic Monolithic v0.0.2,v0.0.2,Monolith,c4a-highcpu,c4a-highcpu-72,72,ARM64 Neoverse V2,JOBS=1,1,cloud-bench-run TARGET=prover-c4a-highcpu-72 SHAPE=c4a-highcpu-72 JOBS=1,160.05,160.05,160.05,1601,1601
117,Dynamic Monolithic v0.0.2,v0.0.2,Monolith,c4a-highcpu,c4a-highcpu-72,72,ARM64 Neoverse V2,JOBS=2,2,cloud-bench-run TARGET=prover-c4a-highcpu-72 SHAPE=c4a-highcpu-72 JOBS=2,160.05,160.54,160.295,1603,802
118,Dynamic Monolithic v0.0.2,v0.0.2,Monolith,c4a-highcpu,c4a-highcpu-72,72,ARM64 Neoverse V2,JOBS=3,3,cloud-bench-run TARGET=prover-c4a-highcpu-72 SHAPE=c4a-highcpu-72 JOBS=3,160.05,161.03,160.54,1606,536
119,Dynamic Monolithic v0.0.2,v0.0.2,Monolith,c4a-highcpu,c4a-highcpu-72,72,ARM64 Neoverse V2,JOBS=4,4,cloud-bench-run TARGET=prover-c4a-highcpu-72 SHAPE=c4a-highcpu-72 JOBS=4,160.05,161.52,160.785,1608,402
120,Dynamic Monolithic v0.0.2,v0.0.2,Monolith,c4a-highcpu,c4a-highcpu-72,72,ARM64 Neoverse V2,JOBS=5,5,cloud-bench-run TARGET=prover-c4a-highcpu-72 SHAPE=c4a-highcpu-72 JOBS=5,160.05,162.01,161.03,1611,323
121,Dynamic Monolithic v0.0.2,v0.0.2,Monolith,c4d-highcpu,c4d-highcpu-16,16,AMD Turin Zen 5,JOBS=1,1,cloud-bench-run TARGET=prover-c4d-highcpu-16 SHAPE=c4d-highcpu-16 JOBS=1,250.1,250.1,250.1,2501,2501
122,Dynamic Monolithic v0.0.2,v0.0.2,Monolith,c4d-highcpu,c4d-highcpu-16,16,AMD Turin Zen 5,JOBS=2,2,cloud-bench-run TARGET=prover-c4d-highcpu-16 SHAPE=c4d-highcpu-16 JOBS=2,250.1,250.59,250.345,2504,1252
123,Dynamic Monolithic v0.0.2,v0.0.2,Monolith,c4d-highcpu,c4d-highcpu-16,16,AMD Turin Zen 5,JOBS=3,3,cloud-bench-run TARGET=prover-c4d-highcpu-16 SHAPE=c4d-highcpu-16 JOBS=3,250.1,251.08,250.59,2506,836
124,Dynamic Monolithic v0.0.2,v0.0.2,Monolith,c4d-highcpu,c4d-highcpu-16,16,AMD Turin Zen 5,JOBS=4,4,cloud-bench-run TARGET=prover-c4d-highcpu-16 SHAPE=c4d-highcpu-16 JOBS=4,250.1,251.57,250.835,2509,628
125,Dynamic Monolithic v0.0.2,v0.0.2,Monolith,c4d-highcpu,c4d-highcpu-16,16,AMD Turin Zen 5,JOBS=5,5,cloud-bench-run TARGET=prover-c4d-highcpu-16 SHAPE=c4d-highcpu-16 JOBS=5,250.1,252.06,251.08,2511,503
126,Dynamic Monolithic v0.0.2,v0.0.2,Monolith,c4d-highcpu,c4d-highcpu-32,32,AMD Turin Zen 5,JOBS=1,1,cloud-bench-run TARGET=prover-c4d-highcpu-32 SHAPE=c4d-highcpu-32 JOBS=1,135.05,135.05,135.05,1351,1351
127,Dynamic Monolithic v0.0.2,v0.0.2,Monolith,c4d-highcpu,c4d-highcpu-32,32,AMD Turin Zen 5,JOBS=2,2,cloud-bench-run TARGET=prover-c4d-highcpu-32 SHAPE=c4d-highcpu-32 JOBS=2,135.05,135.54,135.295,1353,677
128,Dynamic Monolithic v0.0.2,v0.0.2,Monolith,c4d-highcpu,c4d-highcpu-32,32,AMD Turin Zen 5,JOBS=3,3,cloud-bench-run TARGET=prover-c4d-highcpu-32 SHAPE=c4d-highcpu-32 JOBS=3,135.05,136.03,135.54,1356,452
129,Dynamic Monolithic v0.0.2,v0.0.2,Monolith,c4d-highcpu,c4d-highcpu-32,32,AMD Turin Zen 5,JOBS=4,4,cloud-bench-run TARGET=prover-c4d-highcpu-32 SHAPE=c4d-highcpu-32 JOBS=4,135.05,136.52,135.785,1358,340
130,Dynamic Monolithic v0.0.2,v0.0.2,Monolith,c4d-highcpu,c4d-highcpu-32,32,AMD Turin Zen 5,JOBS=5,5,cloud-bench-run TARGET=prover-c4d-highcpu-32 SHAPE=c4d-highcpu-32 JOBS=5,135.05,137.01,136.03,1361,273
131,Dynamic Monolithic v0.0.2,v0.0.2,Monolith,c4d-highcpu,c4d-highcpu-48,48,AMD Turin Zen 5,JOBS=1,1,cloud-bench-run TARGET=prover-c4d-highcpu-48 SHAPE=c4d-highcpu-48 JOBS=1,102.0,102.0,102.0,1020,1020
132,Dynamic Monolithic v0.0.2,v0.0.2,Monolith,c4d-highcpu,c4d-highcpu-48,48,AMD Turin Zen 5,JOBS=2,2,cloud-bench-run TARGET=prover-c4d-highcpu-48 SHAPE=c4d-highcpu-48 JOBS=2,102.0,102.49,102.245,1023,512
133,Dynamic Monolithic v0.0.2,v0.0.2,Monolith,c4d-highcpu,c4d-highcpu-48,48,AMD Turin Zen 5,JOBS=3,3,cloud-bench-run TARGET=prover-c4d-highcpu-48 SHAPE=c4d-highcpu-48 JOBS=3,102.0,102.98,102.49,1025,342
134,Dynamic Monolithic v0.0.2,v0.0.2,Monolith,c4d-highcpu,c4d-highcpu-48,48,AMD Turin Zen 5,JOBS=4,4,cloud-bench-run TARGET=prover-c4d-highcpu-48 SHAPE=c4d-highcpu-48 JOBS=4,102.0,103.47,102.735,1028,257
135,Dynamic Monolithic v0.0.2,v0.0.2,Monolith,c4d-highcpu,c4d-highcpu-48,48,AMD Turin Zen 5,JOBS=5,5,cloud-bench-run TARGET=prover-c4d-highcpu-48 SHAPE=c4d-highcpu-48 JOBS=5,102.0,103.96,102.98,1030,206
136,Dynamic Monolithic v0.0.2,v0.0.2,Monolith,c4d-highcpu,c4d-highcpu-64,64,AMD Turin Zen 5,JOBS=1,1,cloud-bench-run TARGET=prover-c4d-highcpu-64 SHAPE=c4d-highcpu-64 JOBS=1,81.37,81.37,81.37,814,814
137,Dynamic Monolithic v0.0.2,v0.0.2,Monolith,c4d-highcpu,c4d-highcpu-64,64,AMD Turin Zen 5,JOBS=2,2,cloud-bench-run TARGET=prover-c4d-highcpu-64 SHAPE=c4d-highcpu-64 JOBS=2,81.37,81.86,81.615,817,409
138,Dynamic Monolithic v0.0.2,v0.0.2,Monolith,c4d-highcpu,c4d-highcpu-64,64,AMD Turin Zen 5,JOBS=3,3,cloud-bench-run TARGET=prover-c4d-highcpu-64 SHAPE=c4d-highcpu-64 JOBS=3,81.37,82.35,81.86,819,273
139,Dynamic Monolithic v0.0.2,v0.0.2,Monolith,c4d-highcpu,c4d-highcpu-64,64,AMD Turin Zen 5,JOBS=4,4,cloud-bench-run TARGET=prover-c4d-highcpu-64 SHAPE=c4d-highcpu-64 JOBS=4,81.37,82.84,82.105,822,206
140,Dynamic Monolithic v0.0.2,v0.0.2,Monolith,c4d-highcpu,c4d-highcpu-64,64,AMD Turin Zen 5,JOBS=5,5,cloud-bench-run TARGET=prover-c4d-highcpu-64 SHAPE=c4d-highcpu-64 JOBS=5,81.37,83.33,82.35,824,165
141,Dynamic Monolithic v0.0.2,v0.0.2,Monolith,c4d-highcpu,c4d-highcpu-96,96,AMD Turin Zen 5,JOBS=1,1,cloud-bench-run TARGET=prover-c4d-highcpu-96 SHAPE=c4d-highcpu-96 JOBS=1,58.9,58.9,58.9,589,589
142,Dynamic Monolithic v0.0.2,v0.0.2,Monolith,c4d-highcpu,c4d-highcpu-96,96,AMD Turin Zen 5,JOBS=2,2,cloud-bench-run TARGET=prover-c4d-highcpu-96 SHAPE=c4d-highcpu-96 JOBS=2,58.9,59.39,59.145,592,296
143,Dynamic Monolithic v0.0.2,v0.0.2,Monolith,c4d-highcpu,c4d-highcpu-96,96,AMD Turin Zen 5,JOBS=3,3,cloud-bench-run TARGET=prover-c4d-highcpu-96 SHAPE=c4d-highcpu-96 JOBS=3,58.9,59.88,59.39,594,198
144,Dynamic Monolithic v0.0.2,v0.0.2,Monolith,c4d-highcpu,c4d-highcpu-96,96,AMD Turin Zen 5,JOBS=4,4,cloud-bench-run TARGET=prover-c4d-highcpu-96 SHAPE=c4d-highcpu-96 JOBS=4,58.9,60.37,59.635,597,150
145,Dynamic Monolithic v0.0.2,v0.0.2,Monolith,c4d-highcpu,c4d-highcpu-96,96,AMD Turin Zen 5,JOBS=5,5,cloud-bench-run TARGET=prover-c4d-highcpu-96 SHAPE=c4d-highcpu-96 JOBS=5,58.9,60.86,59.88,599,120
146,Dynamic Monolithic v0.0.2,v0.0.2,Monolith,c3d-highcpu,c3d-highcpu-16,16,AMD Genoa Zen 4,JOBS=1,1,cloud-bench-run TARGET=prover-c3d-highcpu-16 SHAPE=c3d-highcpu-16 JOBS=1,360.1,360.1,360.1,3601,3601
147,Dynamic Monolithic v0.0.2,v0.0.2,Monolith,c3d-highcpu,c3d-highcpu-16,16,AMD Genoa Zen 4,JOBS=2,2,cloud-bench-run TARGET=prover-c3d-highcpu-16 SHAPE=c3d-highcpu-16 JOBS=2,360.1,360.59,360.345,3604,1802
148,Dynamic Monolithic v0.0.2,v0.0.2,Monolith,c3d-highcpu,c3d-highcpu-16,16,AMD Genoa Zen 4,JOBS=3,3,cloud-bench-run TARGET=prover-c3d-highcpu-16 SHAPE=c3d-highcpu-16 JOBS=3,360.1,361.08,360.59,3606,1202
149,Dynamic Monolithic v0.0.2,v0.0.2,Monolith,c3d-highcpu,c3d-highcpu-16,16,AMD Genoa Zen 4,JOBS=4,4,cloud-bench-run TARGET=prover-c3d-highcpu-16 SHAPE=c3d-highcpu-16 JOBS=4,360.1,361.57,360.835,3609,903
150,Dynamic Monolithic v0.0.2,v0.0.2,Monolith,c3d-highcpu,c3d-highcpu-16,16,AMD Genoa Zen 4,JOBS=5,5,cloud-bench-run TARGET=prover-c3d-highcpu-16 SHAPE=c3d-highcpu-16 JOBS=5,360.1,362.06,361.08,3611,723
151,Dynamic Monolithic v0.0.2,v0.0.2,Monolith,c3d-highcpu,c3d-highcpu-30,30,AMD Genoa Zen 4,JOBS=1,1,cloud-bench-run TARGET=prover-c3d-highcpu-30 SHAPE=c3d-highcpu-30 JOBS=1,214.877,214.877,214.877,2149,2149
152,Dynamic Monolithic v0.0.2,v0.0.2,Monolith,c3d-highcpu,c3d-highcpu-30,30,AMD Genoa Zen 4,JOBS=2,2,cloud-bench-run TARGET=prover-c3d-highcpu-30 SHAPE=c3d-highcpu-30 JOBS=2,218.538,219.852,219.195,2192,1096
153,Dynamic Monolithic v0.0.2,v0.0.2,Monolith,c3d-highcpu,c3d-highcpu-30,30,AMD Genoa Zen 4,JOBS=3,3,cloud-bench-run TARGET=prover-c3d-highcpu-30 SHAPE=c3d-highcpu-30 JOBS=3,221.323,222.804,222.014,2221,741
154,Dynamic Monolithic v0.0.2,v0.0.2,Monolith,c3d-highcpu,c3d-highcpu-30,30,AMD Genoa Zen 4,JOBS=4,4,cloud-bench-run TARGET=prover-c3d-highcpu-30 SHAPE=c3d-highcpu-30 JOBS=4,224.772,226.35,225.561,2256,564
155,Dynamic Monolithic v0.0.2,v0.0.2,Monolith,c3d-highcpu,c3d-highcpu-30,30,AMD Genoa Zen 4,JOBS=5,5,cloud-bench-run TARGET=prover-c3d-highcpu-30 SHAPE=c3d-highcpu-30 JOBS=5,227.769,229.416,228.574,2286,458
156,Dynamic Monolithic v0.0.2,v0.0.2,Monolith,c3d-highcpu,c3d-highcpu-60,60,AMD Genoa Zen 4,JOBS=1,1,cloud-bench-run TARGET=prover-c3d-highcpu-60 SHAPE=c3d-highcpu-60 JOBS=1,118.043,118.043,118.043,1181,1181
157,Dynamic Monolithic v0.0.2,v0.0.2,Monolith,c3d-highcpu,c3d-highcpu-60,60,AMD Genoa Zen 4,JOBS=2,2,cloud-bench-run TARGET=prover-c3d-highcpu-60 SHAPE=c3d-highcpu-60 JOBS=2,118.043,118.533,118.288,1183,592
158,Dynamic Monolithic v0.0.2,v0.0.2,Monolith,c3d-highcpu,c3d-highcpu-60,60,AMD Genoa Zen 4,JOBS=3,3,cloud-bench-run TARGET=prover-c3d-highcpu-60 SHAPE=c3d-highcpu-60 JOBS=3,118.043,119.023,118.533,1186,396
159,Dynamic Monolithic v0.0.2,v0.0.2,Monolith,c3d-highcpu,c3d-highcpu-60,60,AMD Genoa Zen 4,JOBS=4,4,cloud-bench-run TARGET=prover-c3d-highcpu-60 SHAPE=c3d-highcpu-60 JOBS=4,118.043,119.513,118.778,1188,297
160,Dynamic Monolithic v0.0.2,v0.0.2,Monolith,c3d-highcpu,c3d-highcpu-60,60,AMD Genoa Zen 4,JOBS=5,5,cloud-bench-run TARGET=prover-c3d-highcpu-60 SHAPE=c3d-highcpu-60 JOBS=5,118.043,120.003,119.023,1191,239
161,Dynamic Monolithic v0.0.2,v0.0.2,Monolith,c3d-highcpu,c3d-highcpu-90,90,AMD Genoa Zen 4,JOBS=1,1,cloud-bench-run TARGET=prover-c3d-highcpu-90 SHAPE=c3d-highcpu-90 JOBS=1,85.2,85.2,85.2,852,852
162,Dynamic Monolithic v0.0.2,v0.0.2,Monolith,c3d-highcpu,c3d-highcpu-90,90,AMD Genoa Zen 4,JOBS=2,2,cloud-bench-run TARGET=prover-c3d-highcpu-90 SHAPE=c3d-highcpu-90 JOBS=2,85.2,85.69,85.445,855,428
163,Dynamic Monolithic v0.0.2,v0.0.2,Monolith,c3d-highcpu,c3d-highcpu-90,90,AMD Genoa Zen 4,JOBS=3,3,cloud-bench-run TARGET=prover-c3d-highcpu-90 SHAPE=c3d-highcpu-90 JOBS=3,85.2,86.18,85.69,857,286
164,Dynamic Monolithic v0.0.2,v0.0.2,Monolith,c3d-highcpu,c3d-highcpu-90,90,AMD Genoa Zen 4,JOBS=4,4,cloud-bench-run TARGET=prover-c3d-highcpu-90 SHAPE=c3d-highcpu-90 JOBS=4,85.2,86.67,85.935,860,215
165,Dynamic Monolithic v0.0.2,v0.0.2,Monolith,c3d-highcpu,c3d-highcpu-90,90,AMD Genoa Zen 4,JOBS=5,5,cloud-bench-run TARGET=prover-c3d-highcpu-90 SHAPE=c3d-highcpu-90 JOBS=5,85.2,87.16,86.18,862,173
166,Dynamic Monolithic v0.0.2,v0.0.2,Monolith,c3d-highcpu,c3d-highcpu-180,180,AMD Genoa Zen 4,JOBS=1,1,cloud-bench-run TARGET=prover-c3d-highcpu-180 SHAPE=c3d-highcpu-180 JOBS=1,50.1,50.1,50.1,501,501
167,Dynamic Monolithic v0.0.2,v0.0.2,Monolith,c3d-highcpu,c3d-highcpu-180,180,AMD Genoa Zen 4,JOBS=2,2,cloud-bench-run TARGET=prover-c3d-highcpu-180 SHAPE=c3d-highcpu-180 JOBS=2,50.1,50.59,50.345,504,252
168,Dynamic Monolithic v0.0.2,v0.0.2,Monolith,c3d-highcpu,c3d-highcpu-180,180,AMD Genoa Zen 4,JOBS=3,3,cloud-bench-run TARGET=prover-c3d-highcpu-180 SHAPE=c3d-highcpu-180 JOBS=3,50.1,51.08,50.59,506,169
169,Dynamic Monolithic v0.0.2,v0.0.2,Monolith,c3d-highcpu,c3d-highcpu-180,180,AMD Genoa Zen 4,JOBS=4,4,cloud-bench-run TARGET=prover-c3d-highcpu-180 SHAPE=c3d-highcpu-180 JOBS=4,50.1,51.57,50.835,509,128
170,Dynamic Monolithic v0.0.2,v0.0.2,Monolith,c3d-highcpu,c3d-highcpu-180,180,AMD Genoa Zen 4,JOBS=5,5,cloud-bench-run TARGET=prover-c3d-highcpu-180 SHAPE=c3d-highcpu-180 JOBS=5,50.1,52.06,51.08,511,103
171,Dynamic Monolithic v0.0.2,v0.0.2,Monolith,t2d-standard,t2d-standard-16,16,AMD Milan Zen 3,JOBS=1,1,cloud-bench-run TARGET=prover-t2d-standard-16 SHAPE=t2d-standard-16 JOBS=1,480.1,480.1,480.1,4801,4801
172,Dynamic Monolithic v0.0.2,v0.0.2,Monolith,t2d-standard,t2d-standard-16,16,AMD Milan Zen 3,JOBS=2,2,cloud-bench-run TARGET=prover-t2d-standard-16 SHAPE=t2d-standard-16 JOBS=2,480.1,480.59,480.345,4804,2402
173,Dynamic Monolithic v0.0.2,v0.0.2,Monolith,t2d-standard,t2d-standard-16,16,AMD Milan Zen 3,JOBS=3,3,cloud-bench-run TARGET=prover-t2d-standard-16 SHAPE=t2d-standard-16 JOBS=3,480.1,481.08,480.59,4806,1602
174,Dynamic Monolithic v0.0.2,v0.0.2,Monolith,t2d-standard,t2d-standard-16,16,AMD Milan Zen 3,JOBS=4,4,cloud-bench-run TARGET=prover-t2d-standard-16 SHAPE=t2d-standard-16 JOBS=4,480.1,481.57,480.835,4809,1203
175,Dynamic Monolithic v0.0.2,v0.0.2,Monolith,t2d-standard,t2d-standard-16,16,AMD Milan Zen 3,JOBS=5,5,cloud-bench-run TARGET=prover-t2d-standard-16 SHAPE=t2d-standard-16 JOBS=5,480.1,482.06,481.08,4811,963
176,Dynamic Monolithic v0.0.2,v0.0.2,Monolith,t2d-standard,t2d-standard-32,32,AMD Milan Zen 3,JOBS=1,1,cloud-bench-run TARGET=prover-t2d-standard-32 SHAPE=t2d-standard-32 JOBS=1,260.1,260.1,260.1,2601,2601
177,Dynamic Monolithic v0.0.2,v0.0.2,Monolith,t2d-standard,t2d-standard-32,32,AMD Milan Zen 3,JOBS=2,2,cloud-bench-run TARGET=prover-t2d-standard-32 SHAPE=t2d-standard-32 JOBS=2,260.1,260.59,260.345,2604,1302
178,Dynamic Monolithic v0.0.2,v0.0.2,Monolith,t2d-standard,t2d-standard-32,32,AMD Milan Zen 3,JOBS=3,3,cloud-bench-run TARGET=prover-t2d-standard-32 SHAPE=t2d-standard-32 JOBS=3,260.1,261.08,260.59,2606,869
179,Dynamic Monolithic v0.0.2,v0.0.2,Monolith,t2d-standard,t2d-standard-32,32,AMD Milan Zen 3,JOBS=4,4,cloud-bench-run TARGET=prover-t2d-standard-32 SHAPE=t2d-standard-32 JOBS=4,260.1,261.57,260.835,2609,653
180,Dynamic Monolithic v0.0.2,v0.0.2,Monolith,t2d-standard,t2d-standard-32,32,AMD Milan Zen 3,JOBS=5,5,cloud-bench-run TARGET=prover-t2d-standard-32 SHAPE=t2d-standard-32 JOBS=5,260.1,262.06,261.08,2611,523
181,Dynamic Monolithic v0.0.2,v0.0.2,Monolith,t2d-standard,t2d-standard-48,48,AMD Milan Zen 3,JOBS=1,1,cloud-bench-run TARGET=prover-t2d-standard-48 SHAPE=t2d-standard-48 JOBS=1,192.1,192.1,192.1,1921,1921
182,Dynamic Monolithic v0.0.2,v0.0.2,Monolith,t2d-standard,t2d-standard-48,48,AMD Milan Zen 3,JOBS=2,2,cloud-bench-run TARGET=prover-t2d-standard-48 SHAPE=t2d-standard-48 JOBS=2,192.1,192.59,192.345,1924,962
183,Dynamic Monolithic v0.0.2,v0.0.2,Monolith,t2d-standard,t2d-standard-48,48,AMD Milan Zen 3,JOBS=3,3,cloud-bench-run TARGET=prover-t2d-standard-48 SHAPE=t2d-standard-48 JOBS=3,192.1,193.08,192.59,1926,642
184,Dynamic Monolithic v0.0.2,v0.0.2,Monolith,t2d-standard,t2d-standard-48,48,AMD Milan Zen 3,JOBS=4,4,cloud-bench-run TARGET=prover-t2d-standard-48 SHAPE=t2d-standard-48 JOBS=4,192.1,193.57,192.835,1929,483
185,Dynamic Monolithic v0.0.2,v0.0.2,Monolith,t2d-standard,t2d-standard-48,48,AMD Milan Zen 3,JOBS=5,5,cloud-bench-run TARGET=prover-t2d-standard-48 SHAPE=t2d-standard-48 JOBS=5,192.1,194.06,193.08,1931,387
186,Dynamic Monolithic v0.0.2,v0.0.2,Monolith,t2d-standard,t2d-standard-60,60,AMD Milan Zen 3,JOBS=1,1,cloud-bench-run TARGET=prover-t2d-standard-60 SHAPE=t2d-standard-60 JOBS=1,155.446,155.446,155.446,1555,1555
187,Dynamic Monolithic v0.0.2,v0.0.2,Monolith,t2d-standard,t2d-standard-60,60,AMD Milan Zen 3,JOBS=2,2,cloud-bench-run TARGET=prover-t2d-standard-60 SHAPE=t2d-standard-60 JOBS=2,155.446,155.936,155.691,1557,779
188,Dynamic Monolithic v0.0.2,v0.0.2,Monolith,t2d-standard,t2d-standard-60,60,AMD Milan Zen 3,JOBS=3,3,cloud-bench-run TARGET=prover-t2d-standard-60 SHAPE=t2d-standard-60 JOBS=3,155.446,156.426,155.936,1560,520
189,Dynamic Monolithic v0.0.2,v0.0.2,Monolith,t2d-standard,t2d-standard-60,60,AMD Milan Zen 3,JOBS=4,4,cloud-bench-run TARGET=prover-t2d-standard-60 SHAPE=t2d-standard-60 JOBS=4,155.446,156.916,156.181,1562,391
190,Dynamic Monolithic v0.0.2,v0.0.2,Monolith,t2d-standard,t2d-standard-60,60,AMD Milan Zen 3,JOBS=5,5,cloud-bench-run TARGET=prover-t2d-standard-60 SHAPE=t2d-standard-60 JOBS=5,155.446,157.406,156.426,1565,313
191,Collaborative Distributed 0.0.3,0.0.3,Distributed,c4a-highcpu,c4a-highcpu-16,16,ARM64 Neoverse V2,BLOCKS=1,1,cloud-run-distributed-cluster --arch=c4a --blocks=1 --shape=c4a-highcpu-16,70.12,70.12,70.12,702,702
192,Collaborative Distributed 0.0.3,0.0.3,Distributed,c4a-highcpu,c4a-highcpu-16,16,ARM64 Neoverse V2,BLOCKS=2,2,cloud-run-distributed-cluster --arch=c4a --blocks=2 --shape=c4a-highcpu-16,70.12,70.61,70.365,704,352
193,Collaborative Distributed 0.0.3,0.0.3,Distributed,c4a-highcpu,c4a-highcpu-16,16,ARM64 Neoverse V2,BLOCKS=3,3,cloud-run-distributed-cluster --arch=c4a --blocks=3 --shape=c4a-highcpu-16,70.12,71.1,70.61,707,236
194,Collaborative Distributed 0.0.3,0.0.3,Distributed,c4a-highcpu,c4a-highcpu-16,16,ARM64 Neoverse V2,BLOCKS=4,4,cloud-run-distributed-cluster --arch=c4a --blocks=4 --shape=c4a-highcpu-16,70.12,71.59,70.855,709,178
195,Collaborative Distributed 0.0.3,0.0.3,Distributed,c4a-highcpu,c4a-highcpu-16,16,ARM64 Neoverse V2,BLOCKS=5,5,cloud-run-distributed-cluster --arch=c4a --blocks=5 --shape=c4a-highcpu-16,70.12,72.08,71.1,711,143
196,Collaborative Distributed 0.0.3,0.0.3,Distributed,c4a-highcpu,c4a-highcpu-32,32,ARM64 Neoverse V2,BLOCKS=1,1,cloud-run-distributed-cluster --arch=c4a --blocks=1 --shape=c4a-highcpu-32,40.11,40.11,40.11,402,402
197,Collaborative Distributed 0.0.3,0.0.3,Distributed,c4a-highcpu,c4a-highcpu-32,32,ARM64 Neoverse V2,BLOCKS=2,2,cloud-run-distributed-cluster --arch=c4a --blocks=2 --shape=c4a-highcpu-32,40.11,40.6,40.355,404,202
198,Collaborative Distributed 0.0.3,0.0.3,Distributed,c4a-highcpu,c4a-highcpu-32,32,ARM64 Neoverse V2,BLOCKS=3,3,cloud-run-distributed-cluster --arch=c4a --blocks=3 --shape=c4a-highcpu-32,40.11,41.09,40.6,406,136
199,Collaborative Distributed 0.0.3,0.0.3,Distributed,c4a-highcpu,c4a-highcpu-32,32,ARM64 Neoverse V2,BLOCKS=4,4,cloud-run-distributed-cluster --arch=c4a --blocks=4 --shape=c4a-highcpu-32,40.11,41.58,40.845,409,103
200,Collaborative Distributed 0.0.3,0.0.3,Distributed,c4a-highcpu,c4a-highcpu-32,32,ARM64 Neoverse V2,BLOCKS=5,5,cloud-run-distributed-cluster --arch=c4a --blocks=5 --shape=c4a-highcpu-32,40.11,42.07,41.09,411,83
201,Collaborative Distributed 0.0.3,0.0.3,Distributed,c4a-highcpu,c4a-highcpu-48,48,ARM64 Neoverse V2,BLOCKS=1,1,cloud-run-distributed-cluster --arch=c4a --blocks=1 --shape=c4a-highcpu-48,30.05,30.05,30.05,301,301
202,Collaborative Distributed 0.0.3,0.0.3,Distributed,c4a-highcpu,c4a-highcpu-48,48,ARM64 Neoverse V2,BLOCKS=2,2,cloud-run-distributed-cluster --arch=c4a --blocks=2 --shape=c4a-highcpu-48,30.05,30.54,30.295,303,152
203,Collaborative Distributed 0.0.3,0.0.3,Distributed,c4a-highcpu,c4a-highcpu-48,48,ARM64 Neoverse V2,BLOCKS=3,3,cloud-run-distributed-cluster --arch=c4a --blocks=3 --shape=c4a-highcpu-48,30.05,31.03,30.54,306,102
204,Collaborative Distributed 0.0.3,0.0.3,Distributed,c4a-highcpu,c4a-highcpu-48,48,ARM64 Neoverse V2,BLOCKS=4,4,cloud-run-distributed-cluster --arch=c4a --blocks=4 --shape=c4a-highcpu-48,30.05,31.52,30.785,308,77
205,Collaborative Distributed 0.0.3,0.0.3,Distributed,c4a-highcpu,c4a-highcpu-48,48,ARM64 Neoverse V2,BLOCKS=5,5,cloud-run-distributed-cluster --arch=c4a --blocks=5 --shape=c4a-highcpu-48,30.05,32.01,31.03,311,63
206,Collaborative Distributed 0.0.3,0.0.3,Distributed,c4a-highcpu,c4a-highcpu-64,64,ARM64 Neoverse V2,BLOCKS=1,1,cloud-run-distributed-cluster --arch=c4a --blocks=1 --shape=c4a-highcpu-64,25.015,25.015,25.015,251,251
207,Collaborative Distributed 0.0.3,0.0.3,Distributed,c4a-highcpu,c4a-highcpu-64,64,ARM64 Neoverse V2,BLOCKS=2,2,cloud-run-distributed-cluster --arch=c4a --blocks=2 --shape=c4a-highcpu-64,25.015,25.505,25.26,253,127
208,Collaborative Distributed 0.0.3,0.0.3,Distributed,c4a-highcpu,c4a-highcpu-64,64,ARM64 Neoverse V2,BLOCKS=3,3,cloud-run-distributed-cluster --arch=c4a --blocks=3 --shape=c4a-highcpu-64,25.015,25.995,25.505,256,86
209,Collaborative Distributed 0.0.3,0.0.3,Distributed,c4a-highcpu,c4a-highcpu-64,64,ARM64 Neoverse V2,BLOCKS=4,4,cloud-run-distributed-cluster --arch=c4a --blocks=4 --shape=c4a-highcpu-64,25.015,26.485,25.75,258,65
210,Collaborative Distributed 0.0.3,0.0.3,Distributed,c4a-highcpu,c4a-highcpu-64,64,ARM64 Neoverse V2,BLOCKS=5,5,cloud-run-distributed-cluster --arch=c4a --blocks=5 --shape=c4a-highcpu-64,25.015,26.975,25.995,260,52
211,Collaborative Distributed 0.0.3,0.0.3,Distributed,c4a-highcpu,c4a-highcpu-72,72,ARM64 Neoverse V2,BLOCKS=1,1,cloud-run-distributed-cluster --arch=c4a --blocks=1 --shape=c4a-highcpu-72,23.1,23.1,23.1,231,231
212,Collaborative Distributed 0.0.3,0.0.3,Distributed,c4a-highcpu,c4a-highcpu-72,72,ARM64 Neoverse V2,BLOCKS=2,2,cloud-run-distributed-cluster --arch=c4a --blocks=2 --shape=c4a-highcpu-72,23.1,23.59,23.345,234,117
213,Collaborative Distributed 0.0.3,0.0.3,Distributed,c4a-highcpu,c4a-highcpu-72,72,ARM64 Neoverse V2,BLOCKS=3,3,cloud-run-distributed-cluster --arch=c4a --blocks=3 --shape=c4a-highcpu-72,23.1,24.08,23.59,236,79
214,Collaborative Distributed 0.0.3,0.0.3,Distributed,c4a-highcpu,c4a-highcpu-72,72,ARM64 Neoverse V2,BLOCKS=4,4,cloud-run-distributed-cluster --arch=c4a --blocks=4 --shape=c4a-highcpu-72,23.1,24.57,23.835,239,60
215,Collaborative Distributed 0.0.3,0.0.3,Distributed,c4a-highcpu,c4a-highcpu-72,72,ARM64 Neoverse V2,BLOCKS=5,5,cloud-run-distributed-cluster --arch=c4a --blocks=5 --shape=c4a-highcpu-72,23.1,25.06,24.08,241,49
216,Collaborative Distributed 0.0.3,0.0.3,Distributed,c4d-highcpu,c4d-highcpu-16,16,AMD Turin Zen 5,BLOCKS=1,1,cloud-run-distributed-cluster --arch=c4d --blocks=1 --shape=c4d-highcpu-16,42.1,42.1,42.1,421,421
217,Collaborative Distributed 0.0.3,0.0.3,Distributed,c4d-highcpu,c4d-highcpu-16,16,AMD Turin Zen 5,BLOCKS=2,2,cloud-run-distributed-cluster --arch=c4d --blocks=2 --shape=c4d-highcpu-16,42.1,42.59,42.345,424,212
218,Collaborative Distributed 0.0.3,0.0.3,Distributed,c4d-highcpu,c4d-highcpu-16,16,AMD Turin Zen 5,BLOCKS=3,3,cloud-run-distributed-cluster --arch=c4d --blocks=3 --shape=c4d-highcpu-16,42.1,43.08,42.59,426,142
219,Collaborative Distributed 0.0.3,0.0.3,Distributed,c4d-highcpu,c4d-highcpu-16,16,AMD Turin Zen 5,BLOCKS=4,4,cloud-run-distributed-cluster --arch=c4d --blocks=4 --shape=c4d-highcpu-16,42.1,43.57,42.835,429,108
220,Collaborative Distributed 0.0.3,0.0.3,Distributed,c4d-highcpu,c4d-highcpu-16,16,AMD Turin Zen 5,BLOCKS=5,5,cloud-run-distributed-cluster --arch=c4d --blocks=5 --shape=c4d-highcpu-16,42.1,44.06,43.08,431,87
221,Collaborative Distributed 0.0.3,0.0.3,Distributed,c4d-highcpu,c4d-highcpu-32,32,AMD Turin Zen 5,BLOCKS=1,1,cloud-run-distributed-cluster --arch=c4d --blocks=1 --shape=c4d-highcpu-32,24.1,24.1,24.1,241,241
222,Collaborative Distributed 0.0.3,0.0.3,Distributed,c4d-highcpu,c4d-highcpu-32,32,AMD Turin Zen 5,BLOCKS=2,2,cloud-run-distributed-cluster --arch=c4d --blocks=2 --shape=c4d-highcpu-32,24.1,24.59,24.345,244,122
223,Collaborative Distributed 0.0.3,0.0.3,Distributed,c4d-highcpu,c4d-highcpu-32,32,AMD Turin Zen 5,BLOCKS=3,3,cloud-run-distributed-cluster --arch=c4d --blocks=3 --shape=c4d-highcpu-32,24.1,25.08,24.59,246,82
224,Collaborative Distributed 0.0.3,0.0.3,Distributed,c4d-highcpu,c4d-highcpu-32,32,AMD Turin Zen 5,BLOCKS=4,4,cloud-run-distributed-cluster --arch=c4d --blocks=4 --shape=c4d-highcpu-32,24.1,25.57,24.835,249,63
225,Collaborative Distributed 0.0.3,0.0.3,Distributed,c4d-highcpu,c4d-highcpu-32,32,AMD Turin Zen 5,BLOCKS=5,5,cloud-run-distributed-cluster --arch=c4d --blocks=5 --shape=c4d-highcpu-32,24.1,26.06,25.08,251,51
226,Collaborative Distributed 0.0.3,0.0.3,Distributed,c4d-highcpu,c4d-highcpu-48,48,AMD Turin Zen 5,BLOCKS=1,1,cloud-run-distributed-cluster --arch=c4d --blocks=1 --shape=c4d-highcpu-48,17.5,17.5,17.5,175,175
227,Collaborative Distributed 0.0.3,0.0.3,Distributed,c4d-highcpu,c4d-highcpu-48,48,AMD Turin Zen 5,BLOCKS=2,2,cloud-run-distributed-cluster --arch=c4d --blocks=2 --shape=c4d-highcpu-48,17.5,17.99,17.745,178,89
228,Collaborative Distributed 0.0.3,0.0.3,Distributed,c4d-highcpu,c4d-highcpu-48,48,AMD Turin Zen 5,BLOCKS=3,3,cloud-run-distributed-cluster --arch=c4d --blocks=3 --shape=c4d-highcpu-48,17.5,18.48,17.99,180,60
229,Collaborative Distributed 0.0.3,0.0.3,Distributed,c4d-highcpu,c4d-highcpu-48,48,AMD Turin Zen 5,BLOCKS=4,4,cloud-run-distributed-cluster --arch=c4d --blocks=4 --shape=c4d-highcpu-48,17.5,18.97,18.235,183,46
230,Collaborative Distributed 0.0.3,0.0.3,Distributed,c4d-highcpu,c4d-highcpu-48,48,AMD Turin Zen 5,BLOCKS=5,5,cloud-run-distributed-cluster --arch=c4d --blocks=5 --shape=c4d-highcpu-48,17.5,19.46,18.48,185,37
231,Collaborative Distributed 0.0.3,0.0.3,Distributed,c4d-highcpu,c4d-highcpu-64,64,AMD Turin Zen 5,BLOCKS=1,1,cloud-run-distributed-cluster --arch=c4d --blocks=1 --shape=c4d-highcpu-64,14.221,14.221,14.221,143,143
232,Collaborative Distributed 0.0.3,0.0.3,Distributed,c4d-highcpu,c4d-highcpu-64,64,AMD Turin Zen 5,BLOCKS=2,2,cloud-run-distributed-cluster --arch=c4d --blocks=2 --shape=c4d-highcpu-64,14.221,14.711,14.466,145,73
233,Collaborative Distributed 0.0.3,0.0.3,Distributed,c4d-highcpu,c4d-highcpu-64,64,AMD Turin Zen 5,BLOCKS=3,3,cloud-run-distributed-cluster --arch=c4d --blocks=3 --shape=c4d-highcpu-64,14.221,15.201,14.711,148,50
234,Collaborative Distributed 0.0.3,0.0.3,Distributed,c4d-highcpu,c4d-highcpu-64,64,AMD Turin Zen 5,BLOCKS=4,4,cloud-run-distributed-cluster --arch=c4d --blocks=4 --shape=c4d-highcpu-64,14.221,15.691,14.956,150,38
235,Collaborative Distributed 0.0.3,0.0.3,Distributed,c4d-highcpu,c4d-highcpu-64,64,AMD Turin Zen 5,BLOCKS=5,5,cloud-run-distributed-cluster --arch=c4d --blocks=5 --shape=c4d-highcpu-64,14.221,16.181,15.201,153,31
236,Collaborative Distributed 0.0.3,0.0.3,Distributed,c4d-highcpu,c4d-highcpu-96,96,AMD Turin Zen 5,BLOCKS=1,1,cloud-run-distributed-cluster --arch=c4d --blocks=1 --shape=c4d-highcpu-96,10.5,10.5,10.5,105,105
237,Collaborative Distributed 0.0.3,0.0.3,Distributed,c4d-highcpu,c4d-highcpu-96,96,AMD Turin Zen 5,BLOCKS=2,2,cloud-run-distributed-cluster --arch=c4d --blocks=2 --shape=c4d-highcpu-96,10.5,10.99,10.745,108,54
238,Collaborative Distributed 0.0.3,0.0.3,Distributed,c4d-highcpu,c4d-highcpu-96,96,AMD Turin Zen 5,BLOCKS=3,3,cloud-run-distributed-cluster --arch=c4d --blocks=3 --shape=c4d-highcpu-96,10.5,11.48,10.99,110,37
239,Collaborative Distributed 0.0.3,0.0.3,Distributed,c4d-highcpu,c4d-highcpu-96,96,AMD Turin Zen 5,BLOCKS=4,4,cloud-run-distributed-cluster --arch=c4d --blocks=4 --shape=c4d-highcpu-96,10.5,11.97,11.235,113,29
240,Collaborative Distributed 0.0.3,0.0.3,Distributed,c4d-highcpu,c4d-highcpu-96,96,AMD Turin Zen 5,BLOCKS=5,5,cloud-run-distributed-cluster --arch=c4d --blocks=5 --shape=c4d-highcpu-96,10.5,12.46,11.48,115,23
241,Collaborative Distributed 0.0.3,0.0.3,Distributed,c3d-highcpu,c3d-highcpu-16,16,AMD Genoa Zen 4,BLOCKS=1,1,cloud-run-distributed-cluster --arch=c3d --blocks=1 --shape=c3d-highcpu-16,60.1,60.1,60.1,601,601
242,Collaborative Distributed 0.0.3,0.0.3,Distributed,c3d-highcpu,c3d-highcpu-16,16,AMD Genoa Zen 4,BLOCKS=2,2,cloud-run-distributed-cluster --arch=c3d --blocks=2 --shape=c3d-highcpu-16,60.1,60.59,60.345,604,302
243,Collaborative Distributed 0.0.3,0.0.3,Distributed,c3d-highcpu,c3d-highcpu-16,16,AMD Genoa Zen 4,BLOCKS=3,3,cloud-run-distributed-cluster --arch=c3d --blocks=3 --shape=c3d-highcpu-16,60.1,61.08,60.59,606,202
244,Collaborative Distributed 0.0.3,0.0.3,Distributed,c3d-highcpu,c3d-highcpu-16,16,AMD Genoa Zen 4,BLOCKS=4,4,cloud-run-distributed-cluster --arch=c3d --blocks=4 --shape=c3d-highcpu-16,60.1,61.57,60.835,609,153
245,Collaborative Distributed 0.0.3,0.0.3,Distributed,c3d-highcpu,c3d-highcpu-16,16,AMD Genoa Zen 4,BLOCKS=5,5,cloud-run-distributed-cluster --arch=c3d --blocks=5 --shape=c3d-highcpu-16,60.1,62.06,61.08,611,123
246,Collaborative Distributed 0.0.3,0.0.3,Distributed,c3d-highcpu,c3d-highcpu-30,30,AMD Genoa Zen 4,BLOCKS=1,1,cloud-run-distributed-cluster --arch=c3d --blocks=1 --shape=c3d-highcpu-30,36.982,36.982,36.982,370,370
247,Collaborative Distributed 0.0.3,0.0.3,Distributed,c3d-highcpu,c3d-highcpu-30,30,AMD Genoa Zen 4,BLOCKS=2,2,cloud-run-distributed-cluster --arch=c3d --blocks=2 --shape=c3d-highcpu-30,37.612,37.839,37.725,378,189
248,Collaborative Distributed 0.0.3,0.0.3,Distributed,c3d-highcpu,c3d-highcpu-30,30,AMD Genoa Zen 4,BLOCKS=3,3,cloud-run-distributed-cluster --arch=c3d --blocks=3 --shape=c3d-highcpu-30,38.092,38.347,38.211,383,128
249,Collaborative Distributed 0.0.3,0.0.3,Distributed,c3d-highcpu,c3d-highcpu-30,30,AMD Genoa Zen 4,BLOCKS=4,4,cloud-run-distributed-cluster --arch=c3d --blocks=4 --shape=c3d-highcpu-30,38.685,38.957,38.821,389,98
250,Collaborative Distributed 0.0.3,0.0.3,Distributed,c3d-highcpu,c3d-highcpu-30,30,AMD Genoa Zen 4,BLOCKS=5,5,cloud-run-distributed-cluster --arch=c3d --blocks=5 --shape=c3d-highcpu-30,39.201,39.485,39.34,394,79
251,Collaborative Distributed 0.0.3,0.0.3,Distributed,c3d-highcpu,c3d-highcpu-60,60,AMD Genoa Zen 4,BLOCKS=1,1,cloud-run-distributed-cluster --arch=c3d --blocks=1 --shape=c3d-highcpu-60,20.316,20.316,20.316,204,204
252,Collaborative Distributed 0.0.3,0.0.3,Distributed,c3d-highcpu,c3d-highcpu-60,60,AMD Genoa Zen 4,BLOCKS=2,2,cloud-run-distributed-cluster --arch=c3d --blocks=2 --shape=c3d-highcpu-60,20.316,20.806,20.561,206,103
253,Collaborative Distributed 0.0.3,0.0.3,Distributed,c3d-highcpu,c3d-highcpu-60,60,AMD Genoa Zen 4,BLOCKS=3,3,cloud-run-distributed-cluster --arch=c3d --blocks=3 --shape=c3d-highcpu-60,20.316,21.296,20.806,209,70
254,Collaborative Distributed 0.0.3,0.0.3,Distributed,c3d-highcpu,c3d-highcpu-60,60,AMD Genoa Zen 4,BLOCKS=4,4,cloud-run-distributed-cluster --arch=c3d --blocks=4 --shape=c3d-highcpu-60,20.316,21.786,21.051,211,53
255,Collaborative Distributed 0.0.3,0.0.3,Distributed,c3d-highcpu,c3d-highcpu-60,60,AMD Genoa Zen 4,BLOCKS=5,5,cloud-run-distributed-cluster --arch=c3d --blocks=5 --shape=c3d-highcpu-60,20.316,22.276,21.296,213,43
256,Collaborative Distributed 0.0.3,0.0.3,Distributed,c3d-highcpu,c3d-highcpu-90,90,AMD Genoa Zen 4,BLOCKS=1,1,cloud-run-distributed-cluster --arch=c3d --blocks=1 --shape=c3d-highcpu-90,14.8,14.8,14.8,148,148
257,Collaborative Distributed 0.0.3,0.0.3,Distributed,c3d-highcpu,c3d-highcpu-90,90,AMD Genoa Zen 4,BLOCKS=2,2,cloud-run-distributed-cluster --arch=c3d --blocks=2 --shape=c3d-highcpu-90,14.8,15.29,15.045,151,76
258,Collaborative Distributed 0.0.3,0.0.3,Distributed,c3d-highcpu,c3d-highcpu-90,90,AMD Genoa Zen 4,BLOCKS=3,3,cloud-run-distributed-cluster --arch=c3d --blocks=3 --shape=c3d-highcpu-90,14.8,15.78,15.29,153,51
259,Collaborative Distributed 0.0.3,0.0.3,Distributed,c3d-highcpu,c3d-highcpu-90,90,AMD Genoa Zen 4,BLOCKS=4,4,cloud-run-distributed-cluster --arch=c3d --blocks=4 --shape=c3d-highcpu-90,14.8,16.27,15.535,156,39
260,Collaborative Distributed 0.0.3,0.0.3,Distributed,c3d-highcpu,c3d-highcpu-90,90,AMD Genoa Zen 4,BLOCKS=5,5,cloud-run-distributed-cluster --arch=c3d --blocks=5 --shape=c3d-highcpu-90,14.8,16.76,15.78,158,32
261,Collaborative Distributed 0.0.3,0.0.3,Distributed,c3d-highcpu,c3d-highcpu-180,180,AMD Genoa Zen 4,BLOCKS=1,1,cloud-run-distributed-cluster --arch=c3d --blocks=1 --shape=c3d-highcpu-180,8.9,8.9,8.9,89,89
262,Collaborative Distributed 0.0.3,0.0.3,Distributed,c3d-highcpu,c3d-highcpu-180,180,AMD Genoa Zen 4,BLOCKS=2,2,cloud-run-distributed-cluster --arch=c3d --blocks=2 --shape=c3d-highcpu-180,8.9,9.39,9.145,92,46
263,Collaborative Distributed 0.0.3,0.0.3,Distributed,c3d-highcpu,c3d-highcpu-180,180,AMD Genoa Zen 4,BLOCKS=3,3,cloud-run-distributed-cluster --arch=c3d --blocks=3 --shape=c3d-highcpu-180,8.9,9.88,9.39,94,32
264,Collaborative Distributed 0.0.3,0.0.3,Distributed,c3d-highcpu,c3d-highcpu-180,180,AMD Genoa Zen 4,BLOCKS=4,4,cloud-run-distributed-cluster --arch=c3d --blocks=4 --shape=c3d-highcpu-180,8.9,10.37,9.635,97,25
265,Collaborative Distributed 0.0.3,0.0.3,Distributed,c3d-highcpu,c3d-highcpu-180,180,AMD Genoa Zen 4,BLOCKS=5,5,cloud-run-distributed-cluster --arch=c3d --blocks=5 --shape=c3d-highcpu-180,8.9,10.86,9.88,99,20
266,Collaborative Distributed 0.0.3,0.0.3,Distributed,t2d-standard,t2d-standard-16,16,AMD Milan Zen 3,BLOCKS=1,1,cloud-run-distributed-cluster --arch=t2d --blocks=1 --shape=t2d-standard-16,85.1,85.1,85.1,851,851
267,Collaborative Distributed 0.0.3,0.0.3,Distributed,t2d-standard,t2d-standard-16,16,AMD Milan Zen 3,BLOCKS=2,2,cloud-run-distributed-cluster --arch=t2d --blocks=2 --shape=t2d-standard-16,85.1,85.59,85.345,854,427
268,Collaborative Distributed 0.0.3,0.0.3,Distributed,t2d-standard,t2d-standard-16,16,AMD Milan Zen 3,BLOCKS=3,3,cloud-run-distributed-cluster --arch=t2d --blocks=3 --shape=t2d-standard-16,85.1,86.08,85.59,856,286
269,Collaborative Distributed 0.0.3,0.0.3,Distributed,t2d-standard,t2d-standard-16,16,AMD Milan Zen 3,BLOCKS=4,4,cloud-run-distributed-cluster --arch=t2d --blocks=4 --shape=t2d-standard-16,85.1,86.57,85.835,859,215
270,Collaborative Distributed 0.0.3,0.0.3,Distributed,t2d-standard,t2d-standard-16,16,AMD Milan Zen 3,BLOCKS=5,5,cloud-run-distributed-cluster --arch=t2d --blocks=5 --shape=t2d-standard-16,85.1,87.06,86.08,861,173
271,Collaborative Distributed 0.0.3,0.0.3,Distributed,t2d-standard,t2d-standard-32,32,AMD Milan Zen 3,BLOCKS=1,1,cloud-run-distributed-cluster --arch=t2d --blocks=1 --shape=t2d-standard-32,48.2,48.2,48.2,482,482
272,Collaborative Distributed 0.0.3,0.0.3,Distributed,t2d-standard,t2d-standard-32,32,AMD Milan Zen 3,BLOCKS=2,2,cloud-run-distributed-cluster --arch=t2d --blocks=2 --shape=t2d-standard-32,48.2,48.69,48.445,485,243
273,Collaborative Distributed 0.0.3,0.0.3,Distributed,t2d-standard,t2d-standard-32,32,AMD Milan Zen 3,BLOCKS=3,3,cloud-run-distributed-cluster --arch=t2d --blocks=3 --shape=t2d-standard-32,48.2,49.18,48.69,487,163
274,Collaborative Distributed 0.0.3,0.0.3,Distributed,t2d-standard,t2d-standard-32,32,AMD Milan Zen 3,BLOCKS=4,4,cloud-run-distributed-cluster --arch=t2d --blocks=4 --shape=t2d-standard-32,48.2,49.67,48.935,490,123
275,Collaborative Distributed 0.0.3,0.0.3,Distributed,t2d-standard,t2d-standard-32,32,AMD Milan Zen 3,BLOCKS=5,5,cloud-run-distributed-cluster --arch=t2d --blocks=5 --shape=t2d-standard-32,48.2,50.16,49.18,492,99
276,Collaborative Distributed 0.0.3,0.0.3,Distributed,t2d-standard,t2d-standard-48,48,AMD Milan Zen 3,BLOCKS=1,1,cloud-run-distributed-cluster --arch=t2d --blocks=1 --shape=t2d-standard-48,34.5,34.5,34.5,345,345
277,Collaborative Distributed 0.0.3,0.0.3,Distributed,t2d-standard,t2d-standard-48,48,AMD Milan Zen 3,BLOCKS=2,2,cloud-run-distributed-cluster --arch=t2d --blocks=2 --shape=t2d-standard-48,34.5,34.99,34.745,348,174
278,Collaborative Distributed 0.0.3,0.0.3,Distributed,t2d-standard,t2d-standard-48,48,AMD Milan Zen 3,BLOCKS=3,3,cloud-run-distributed-cluster --arch=t2d --blocks=3 --shape=t2d-standard-48,34.5,35.48,34.99,350,117
279,Collaborative Distributed 0.0.3,0.0.3,Distributed,t2d-standard,t2d-standard-48,48,AMD Milan Zen 3,BLOCKS=4,4,cloud-run-distributed-cluster --arch=t2d --blocks=4 --shape=t2d-standard-48,34.5,35.97,35.235,353,89
280,Collaborative Distributed 0.0.3,0.0.3,Distributed,t2d-standard,t2d-standard-48,48,AMD Milan Zen 3,BLOCKS=5,5,cloud-run-distributed-cluster --arch=t2d --blocks=5 --shape=t2d-standard-48,34.5,36.46,35.48,355,71
281,Collaborative Distributed 0.0.3,0.0.3,Distributed,t2d-standard,t2d-standard-60,60,AMD Milan Zen 3,BLOCKS=1,1,cloud-run-distributed-cluster --arch=t2d --blocks=1 --shape=t2d-standard-60,27.516,27.516,27.516,276,276
282,Collaborative Distributed 0.0.3,0.0.3,Distributed,t2d-standard,t2d-standard-60,60,AMD Milan Zen 3,BLOCKS=2,2,cloud-run-distributed-cluster --arch=t2d --blocks=2 --shape=t2d-standard-60,27.516,28.006,27.761,278,139
283,Collaborative Distributed 0.0.3,0.0.3,Distributed,t2d-standard,t2d-standard-60,60,AMD Milan Zen 3,BLOCKS=3,3,cloud-run-distributed-cluster --arch=t2d --blocks=3 --shape=t2d-standard-60,27.516,28.496,28.006,281,94
284,Collaborative Distributed 0.0.3,0.0.3,Distributed,t2d-standard,t2d-standard-60,60,AMD Milan Zen 3,BLOCKS=4,4,cloud-run-distributed-cluster --arch=t2d --blocks=4 --shape=t2d-standard-60,27.516,28.986,28.251,283,71
285,Collaborative Distributed 0.0.3,0.0.3,Distributed,t2d-standard,t2d-standard-60,60,AMD Milan Zen 3,BLOCKS=5,5,cloud-run-distributed-cluster --arch=t2d --blocks=5 --shape=t2d-standard-60,27.516,29.476,28.496,285,57
286,Hexadecimal radix-16-reduction-trees,radix-16-reduction-trees,Distributed,c4a-highcpu,c4a-highcpu-16,16,ARM64 Neoverse V2,BLOCKS=1,1,cloud-run-distributed-cluster --arch=c4a --blocks=1 --shape=c4a-highcpu-16,32.1,32.1,32.1,321,321
287,Hexadecimal radix-16-reduction-trees,radix-16-reduction-trees,Distributed,c4a-highcpu,c4a-highcpu-16,16,ARM64 Neoverse V2,BLOCKS=2,2,cloud-run-distributed-cluster --arch=c4a --blocks=2 --shape=c4a-highcpu-16,32.1,32.59,32.345,324,162
288,Hexadecimal radix-16-reduction-trees,radix-16-reduction-trees,Distributed,c4a-highcpu,c4a-highcpu-16,16,ARM64 Neoverse V2,BLOCKS=3,3,cloud-run-distributed-cluster --arch=c4a --blocks=3 --shape=c4a-highcpu-16,32.1,33.08,32.59,326,109
289,Hexadecimal radix-16-reduction-trees,radix-16-reduction-trees,Distributed,c4a-highcpu,c4a-highcpu-16,16,ARM64 Neoverse V2,BLOCKS=4,4,cloud-run-distributed-cluster --arch=c4a --blocks=4 --shape=c4a-highcpu-16,32.1,33.57,32.835,329,83
290,Hexadecimal radix-16-reduction-trees,radix-16-reduction-trees,Distributed,c4a-highcpu,c4a-highcpu-16,16,ARM64 Neoverse V2,BLOCKS=5,5,cloud-run-distributed-cluster --arch=c4a --blocks=5 --shape=c4a-highcpu-16,32.1,34.06,33.08,331,67
291,Hexadecimal radix-16-reduction-trees,radix-16-reduction-trees,Distributed,c4a-highcpu,c4a-highcpu-32,32,ARM64 Neoverse V2,BLOCKS=1,1,cloud-run-distributed-cluster --arch=c4a --blocks=1 --shape=c4a-highcpu-32,18.5,18.5,18.5,185,185
292,Hexadecimal radix-16-reduction-trees,radix-16-reduction-trees,Distributed,c4a-highcpu,c4a-highcpu-32,32,ARM64 Neoverse V2,BLOCKS=2,2,cloud-run-distributed-cluster --arch=c4a --blocks=2 --shape=c4a-highcpu-32,18.5,18.99,18.745,188,94
293,Hexadecimal radix-16-reduction-trees,radix-16-reduction-trees,Distributed,c4a-highcpu,c4a-highcpu-32,32,ARM64 Neoverse V2,BLOCKS=3,3,cloud-run-distributed-cluster --arch=c4a --blocks=3 --shape=c4a-highcpu-32,18.5,19.48,18.99,190,64
294,Hexadecimal radix-16-reduction-trees,radix-16-reduction-trees,Distributed,c4a-highcpu,c4a-highcpu-32,32,ARM64 Neoverse V2,BLOCKS=4,4,cloud-run-distributed-cluster --arch=c4a --blocks=4 --shape=c4a-highcpu-32,18.5,19.97,19.235,193,49
295,Hexadecimal radix-16-reduction-trees,radix-16-reduction-trees,Distributed,c4a-highcpu,c4a-highcpu-32,32,ARM64 Neoverse V2,BLOCKS=5,5,cloud-run-distributed-cluster --arch=c4a --blocks=5 --shape=c4a-highcpu-32,18.5,20.46,19.48,195,39
296,Hexadecimal radix-16-reduction-trees,radix-16-reduction-trees,Distributed,c4a-highcpu,c4a-highcpu-48,48,ARM64 Neoverse V2,BLOCKS=1,1,cloud-run-distributed-cluster --arch=c4a --blocks=1 --shape=c4a-highcpu-48,13.2,13.2,13.2,132,132
297,Hexadecimal radix-16-reduction-trees,radix-16-reduction-trees,Distributed,c4a-highcpu,c4a-highcpu-48,48,ARM64 Neoverse V2,BLOCKS=2,2,cloud-run-distributed-cluster --arch=c4a --blocks=2 --shape=c4a-highcpu-48,13.2,13.69,13.445,135,68
298,Hexadecimal radix-16-reduction-trees,radix-16-reduction-trees,Distributed,c4a-highcpu,c4a-highcpu-48,48,ARM64 Neoverse V2,BLOCKS=3,3,cloud-run-distributed-cluster --arch=c4a --blocks=3 --shape=c4a-highcpu-48,13.2,14.18,13.69,137,46
299,Hexadecimal radix-16-reduction-trees,radix-16-reduction-trees,Distributed,c4a-highcpu,c4a-highcpu-48,48,ARM64 Neoverse V2,BLOCKS=4,4,cloud-run-distributed-cluster --arch=c4a --blocks=4 --shape=c4a-highcpu-48,13.2,14.67,13.935,140,35
300,Hexadecimal radix-16-reduction-trees,radix-16-reduction-trees,Distributed,c4a-highcpu,c4a-highcpu-48,48,ARM64 Neoverse V2,BLOCKS=5,5,cloud-run-distributed-cluster --arch=c4a --blocks=5 --shape=c4a-highcpu-48,13.2,15.16,14.18,142,29
301,Hexadecimal radix-16-reduction-trees,radix-16-reduction-trees,Distributed,c4a-highcpu,c4a-highcpu-64,64,ARM64 Neoverse V2,BLOCKS=1,1,cloud-run-distributed-cluster --arch=c4a --blocks=1 --shape=c4a-highcpu-64,11.002,11.002,11.002,111,111
302,Hexadecimal radix-16-reduction-trees,radix-16-reduction-trees,Distributed,c4a-highcpu,c4a-highcpu-64,64,ARM64 Neoverse V2,BLOCKS=2,2,cloud-run-distributed-cluster --arch=c4a --blocks=2 --shape=c4a-highcpu-64,11.002,11.492,11.247,113,57
303,Hexadecimal radix-16-reduction-trees,radix-16-reduction-trees,Distributed,c4a-highcpu,c4a-highcpu-64,64,ARM64 Neoverse V2,BLOCKS=3,3,cloud-run-distributed-cluster --arch=c4a --blocks=3 --shape=c4a-highcpu-64,11.002,11.982,11.492,115,39
304,Hexadecimal radix-16-reduction-trees,radix-16-reduction-trees,Distributed,c4a-highcpu,c4a-highcpu-64,64,ARM64 Neoverse V2,BLOCKS=4,4,cloud-run-distributed-cluster --arch=c4a --blocks=4 --shape=c4a-highcpu-64,11.002,12.472,11.737,118,30
305,Hexadecimal radix-16-reduction-trees,radix-16-reduction-trees,Distributed,c4a-highcpu,c4a-highcpu-64,64,ARM64 Neoverse V2,BLOCKS=5,5,cloud-run-distributed-cluster --arch=c4a --blocks=5 --shape=c4a-highcpu-64,11.002,12.962,11.982,120,24
306,Hexadecimal radix-16-reduction-trees,radix-16-reduction-trees,Distributed,c4a-highcpu,c4a-highcpu-72,72,ARM64 Neoverse V2,BLOCKS=1,1,cloud-run-distributed-cluster --arch=c4a --blocks=1 --shape=c4a-highcpu-72,10.15,10.15,10.15,102,102
307,Hexadecimal radix-16-reduction-trees,radix-16-reduction-trees,Distributed,c4a-highcpu,c4a-highcpu-72,72,ARM64 Neoverse V2,BLOCKS=2,2,cloud-run-distributed-cluster --arch=c4a --blocks=2 --shape=c4a-highcpu-72,10.15,10.64,10.395,104,52
308,Hexadecimal radix-16-reduction-trees,radix-16-reduction-trees,Distributed,c4a-highcpu,c4a-highcpu-72,72,ARM64 Neoverse V2,BLOCKS=3,3,cloud-run-distributed-cluster --arch=c4a --blocks=3 --shape=c4a-highcpu-72,10.15,11.13,10.64,107,36
309,Hexadecimal radix-16-reduction-trees,radix-16-reduction-trees,Distributed,c4a-highcpu,c4a-highcpu-72,72,ARM64 Neoverse V2,BLOCKS=4,4,cloud-run-distributed-cluster --arch=c4a --blocks=4 --shape=c4a-highcpu-72,10.15,11.62,10.885,109,28
310,Hexadecimal radix-16-reduction-trees,radix-16-reduction-trees,Distributed,c4a-highcpu,c4a-highcpu-72,72,ARM64 Neoverse V2,BLOCKS=5,5,cloud-run-distributed-cluster --arch=c4a --blocks=5 --shape=c4a-highcpu-72,10.15,12.11,11.13,112,23
311,Hexadecimal radix-16-reduction-trees,radix-16-reduction-trees,Distributed,c4d-highcpu,c4d-highcpu-16,16,AMD Turin Zen 5,BLOCKS=1,1,cloud-run-distributed-cluster --arch=c4d --blocks=1 --shape=c4d-highcpu-16,19.2,19.2,19.2,192,192
312,Hexadecimal radix-16-reduction-trees,radix-16-reduction-trees,Distributed,c4d-highcpu,c4d-highcpu-16,16,AMD Turin Zen 5,BLOCKS=2,2,cloud-run-distributed-cluster --arch=c4d --blocks=2 --shape=c4d-highcpu-16,19.2,19.69,19.445,195,98
313,Hexadecimal radix-16-reduction-trees,radix-16-reduction-trees,Distributed,c4d-highcpu,c4d-highcpu-16,16,AMD Turin Zen 5,BLOCKS=3,3,cloud-run-distributed-cluster --arch=c4d --blocks=3 --shape=c4d-highcpu-16,19.2,20.18,19.69,197,66
314,Hexadecimal radix-16-reduction-trees,radix-16-reduction-trees,Distributed,c4d-highcpu,c4d-highcpu-16,16,AMD Turin Zen 5,BLOCKS=4,4,cloud-run-distributed-cluster --arch=c4d --blocks=4 --shape=c4d-highcpu-16,19.2,20.67,19.935,200,50
315,Hexadecimal radix-16-reduction-trees,radix-16-reduction-trees,Distributed,c4d-highcpu,c4d-highcpu-16,16,AMD Turin Zen 5,BLOCKS=5,5,cloud-run-distributed-cluster --arch=c4d --blocks=5 --shape=c4d-highcpu-16,19.2,21.16,20.18,202,41
316,Hexadecimal radix-16-reduction-trees,radix-16-reduction-trees,Distributed,c4d-highcpu,c4d-highcpu-32,32,AMD Turin Zen 5,BLOCKS=1,1,cloud-run-distributed-cluster --arch=c4d --blocks=1 --shape=c4d-highcpu-32,10.8,10.8,10.8,108,108
317,Hexadecimal radix-16-reduction-trees,radix-16-reduction-trees,Distributed,c4d-highcpu,c4d-highcpu-32,32,AMD Turin Zen 5,BLOCKS=2,2,cloud-run-distributed-cluster --arch=c4d --blocks=2 --shape=c4d-highcpu-32,10.8,11.29,11.045,111,56
318,Hexadecimal radix-16-reduction-trees,radix-16-reduction-trees,Distributed,c4d-highcpu,c4d-highcpu-32,32,AMD Turin Zen 5,BLOCKS=3,3,cloud-run-distributed-cluster --arch=c4d --blocks=3 --shape=c4d-highcpu-32,10.8,11.78,11.29,113,38
319,Hexadecimal radix-16-reduction-trees,radix-16-reduction-trees,Distributed,c4d-highcpu,c4d-highcpu-32,32,AMD Turin Zen 5,BLOCKS=4,4,cloud-run-distributed-cluster --arch=c4d --blocks=4 --shape=c4d-highcpu-32,10.8,12.27,11.535,116,29
320,Hexadecimal radix-16-reduction-trees,radix-16-reduction-trees,Distributed,c4d-highcpu,c4d-highcpu-32,32,AMD Turin Zen 5,BLOCKS=5,5,cloud-run-distributed-cluster --arch=c4d --blocks=5 --shape=c4d-highcpu-32,10.8,12.76,11.78,118,24
321,Hexadecimal radix-16-reduction-trees,radix-16-reduction-trees,Distributed,c4d-highcpu,c4d-highcpu-48,48,AMD Turin Zen 5,BLOCKS=1,1,cloud-run-distributed-cluster --arch=c4d --blocks=1 --shape=c4d-highcpu-48,7.8,7.8,7.8,78,78
322,Hexadecimal radix-16-reduction-trees,radix-16-reduction-trees,Distributed,c4d-highcpu,c4d-highcpu-48,48,AMD Turin Zen 5,BLOCKS=2,2,cloud-run-distributed-cluster --arch=c4d --blocks=2 --shape=c4d-highcpu-48,7.8,8.29,8.045,81,41
323,Hexadecimal radix-16-reduction-trees,radix-16-reduction-trees,Distributed,c4d-highcpu,c4d-highcpu-48,48,AMD Turin Zen 5,BLOCKS=3,3,cloud-run-distributed-cluster --arch=c4d --blocks=3 --shape=c4d-highcpu-48,7.8,8.78,8.29,83,28
324,Hexadecimal radix-16-reduction-trees,radix-16-reduction-trees,Distributed,c4d-highcpu,c4d-highcpu-48,48,AMD Turin Zen 5,BLOCKS=4,4,cloud-run-distributed-cluster --arch=c4d --blocks=4 --shape=c4d-highcpu-48,7.8,9.27,8.535,86,22
325,Hexadecimal radix-16-reduction-trees,radix-16-reduction-trees,Distributed,c4d-highcpu,c4d-highcpu-48,48,AMD Turin Zen 5,BLOCKS=5,5,cloud-run-distributed-cluster --arch=c4d --blocks=5 --shape=c4d-highcpu-48,7.8,9.76,8.78,88,18
326,Hexadecimal radix-16-reduction-trees,radix-16-reduction-trees,Distributed,c4d-highcpu,c4d-highcpu-64,64,AMD Turin Zen 5,BLOCKS=1,1,cloud-run-distributed-cluster --arch=c4d --blocks=1 --shape=c4d-highcpu-64,6.251,6.251,6.251,63,63
327,Hexadecimal radix-16-reduction-trees,radix-16-reduction-trees,Distributed,c4d-highcpu,c4d-highcpu-64,64,AMD Turin Zen 5,BLOCKS=2,2,cloud-run-distributed-cluster --arch=c4d --blocks=2 --shape=c4d-highcpu-64,6.251,6.741,6.496,65,33
328,Hexadecimal radix-16-reduction-trees,radix-16-reduction-trees,Distributed,c4d-highcpu,c4d-highcpu-64,64,AMD Turin Zen 5,BLOCKS=3,3,cloud-run-distributed-cluster --arch=c4d --blocks=3 --shape=c4d-highcpu-64,6.251,7.231,6.741,68,23
329,Hexadecimal radix-16-reduction-trees,radix-16-reduction-trees,Distributed,c4d-highcpu,c4d-highcpu-64,64,AMD Turin Zen 5,BLOCKS=4,4,cloud-run-distributed-cluster --arch=c4d --blocks=4 --shape=c4d-highcpu-64,6.251,7.721,6.986,70,18
330,Hexadecimal radix-16-reduction-trees,radix-16-reduction-trees,Distributed,c4d-highcpu,c4d-highcpu-64,64,AMD Turin Zen 5,BLOCKS=5,5,cloud-run-distributed-cluster --arch=c4d --blocks=5 --shape=c4d-highcpu-64,6.251,8.211,7.231,73,15
331,Hexadecimal radix-16-reduction-trees,radix-16-reduction-trees,Distributed,c4d-highcpu,c4d-highcpu-96,96,AMD Turin Zen 5,BLOCKS=1,1,cloud-run-distributed-cluster --arch=c4d --blocks=1 --shape=c4d-highcpu-96,4.6,4.6,4.6,46,46
332,Hexadecimal radix-16-reduction-trees,radix-16-reduction-trees,Distributed,c4d-highcpu,c4d-highcpu-96,96,AMD Turin Zen 5,BLOCKS=2,2,cloud-run-distributed-cluster --arch=c4d --blocks=2 --shape=c4d-highcpu-96,4.6,5.09,4.845,49,25
333,Hexadecimal radix-16-reduction-trees,radix-16-reduction-trees,Distributed,c4d-highcpu,c4d-highcpu-96,96,AMD Turin Zen 5,BLOCKS=3,3,cloud-run-distributed-cluster --arch=c4d --blocks=3 --shape=c4d-highcpu-96,4.6,5.58,5.09,51,17
334,Hexadecimal radix-16-reduction-trees,radix-16-reduction-trees,Distributed,c4d-highcpu,c4d-highcpu-96,96,AMD Turin Zen 5,BLOCKS=4,4,cloud-run-distributed-cluster --arch=c4d --blocks=4 --shape=c4d-highcpu-96,4.6,6.07,5.335,54,14
335,Hexadecimal radix-16-reduction-trees,radix-16-reduction-trees,Distributed,c4d-highcpu,c4d-highcpu-96,96,AMD Turin Zen 5,BLOCKS=5,5,cloud-run-distributed-cluster --arch=c4d --blocks=5 --shape=c4d-highcpu-96,4.6,6.56,5.58,56,12
336,Hexadecimal radix-16-reduction-trees,radix-16-reduction-trees,Distributed,c3d-highcpu,c3d-highcpu-16,16,AMD Genoa Zen 4,BLOCKS=1,1,cloud-run-distributed-cluster --arch=c3d --blocks=1 --shape=c3d-highcpu-16,27.5,27.5,27.5,275,275
337,Hexadecimal radix-16-reduction-trees,radix-16-reduction-trees,Distributed,c3d-highcpu,c3d-highcpu-16,16,AMD Genoa Zen 4,BLOCKS=2,2,cloud-run-distributed-cluster --arch=c3d --blocks=2 --shape=c3d-highcpu-16,27.5,27.99,27.745,278,139
338,Hexadecimal radix-16-reduction-trees,radix-16-reduction-trees,Distributed,c3d-highcpu,c3d-highcpu-16,16,AMD Genoa Zen 4,BLOCKS=3,3,cloud-run-distributed-cluster --arch=c3d --blocks=3 --shape=c3d-highcpu-16,27.5,28.48,27.99,280,94
339,Hexadecimal radix-16-reduction-trees,radix-16-reduction-trees,Distributed,c3d-highcpu,c3d-highcpu-16,16,AMD Genoa Zen 4,BLOCKS=4,4,cloud-run-distributed-cluster --arch=c3d --blocks=4 --shape=c3d-highcpu-16,27.5,28.97,28.235,283,71
340,Hexadecimal radix-16-reduction-trees,radix-16-reduction-trees,Distributed,c3d-highcpu,c3d-highcpu-16,16,AMD Genoa Zen 4,BLOCKS=5,5,cloud-run-distributed-cluster --arch=c3d --blocks=5 --shape=c3d-highcpu-16,27.5,29.46,28.48,285,57
341,Hexadecimal radix-16-reduction-trees,radix-16-reduction-trees,Distributed,c3d-highcpu,c3d-highcpu-30,30,AMD Genoa Zen 4,BLOCKS=1,1,cloud-run-distributed-cluster --arch=c3d --blocks=1 --shape=c3d-highcpu-30,16.272,16.272,16.272,163,163
342,Hexadecimal radix-16-reduction-trees,radix-16-reduction-trees,Distributed,c3d-highcpu,c3d-highcpu-30,30,AMD Genoa Zen 4,BLOCKS=2,2,cloud-run-distributed-cluster --arch=c3d --blocks=2 --shape=c3d-highcpu-30,16.549,16.649,16.599,166,83
343,Hexadecimal radix-16-reduction-trees,radix-16-reduction-trees,Distributed,c3d-highcpu,c3d-highcpu-30,30,AMD Genoa Zen 4,BLOCKS=3,3,cloud-run-distributed-cluster --arch=c3d --blocks=3 --shape=c3d-highcpu-30,16.76,16.873,16.813,169,57
344,Hexadecimal radix-16-reduction-trees,radix-16-reduction-trees,Distributed,c3d-highcpu,c3d-highcpu-30,30,AMD Genoa Zen 4,BLOCKS=4,4,cloud-run-distributed-cluster --arch=c3d --blocks=4 --shape=c3d-highcpu-30,17.022,17.141,17.081,171,43
345,Hexadecimal radix-16-reduction-trees,radix-16-reduction-trees,Distributed,c3d-highcpu,c3d-highcpu-30,30,AMD Genoa Zen 4,BLOCKS=5,5,cloud-run-distributed-cluster --arch=c3d --blocks=5 --shape=c3d-highcpu-30,17.249,17.373,17.31,174,35
346,Hexadecimal radix-16-reduction-trees,radix-16-reduction-trees,Distributed,c3d-highcpu,c3d-highcpu-60,60,AMD Genoa Zen 4,BLOCKS=1,1,cloud-run-distributed-cluster --arch=c3d --blocks=1 --shape=c3d-highcpu-60,8.939,8.939,8.939,90,90
347,Hexadecimal radix-16-reduction-trees,radix-16-reduction-trees,Distributed,c3d-highcpu,c3d-highcpu-60,60,AMD Genoa Zen 4,BLOCKS=2,2,cloud-run-distributed-cluster --arch=c3d --blocks=2 --shape=c3d-highcpu-60,8.939,9.429,9.184,92,46
348,Hexadecimal radix-16-reduction-trees,radix-16-reduction-trees,Distributed,c3d-highcpu,c3d-highcpu-60,60,AMD Genoa Zen 4,BLOCKS=3,3,cloud-run-distributed-cluster --arch=c3d --blocks=3 --shape=c3d-highcpu-60,8.939,9.919,9.429,95,32
349,Hexadecimal radix-16-reduction-trees,radix-16-reduction-trees,Distributed,c3d-highcpu,c3d-highcpu-60,60,AMD Genoa Zen 4,BLOCKS=4,4,cloud-run-distributed-cluster --arch=c3d --blocks=4 --shape=c3d-highcpu-60,8.939,10.409,9.674,97,25
350,Hexadecimal radix-16-reduction-trees,radix-16-reduction-trees,Distributed,c3d-highcpu,c3d-highcpu-60,60,AMD Genoa Zen 4,BLOCKS=5,5,cloud-run-distributed-cluster --arch=c3d --blocks=5 --shape=c3d-highcpu-60,8.939,10.899,9.919,100,20
351,Hexadecimal radix-16-reduction-trees,radix-16-reduction-trees,Distributed,c3d-highcpu,c3d-highcpu-90,90,AMD Genoa Zen 4,BLOCKS=1,1,cloud-run-distributed-cluster --arch=c3d --blocks=1 --shape=c3d-highcpu-90,6.5,6.5,6.5,65,65
352,Hexadecimal radix-16-reduction-trees,radix-16-reduction-trees,Distributed,c3d-highcpu,c3d-highcpu-90,90,AMD Genoa Zen 4,BLOCKS=2,2,cloud-run-distributed-cluster --arch=c3d --blocks=2 --shape=c3d-highcpu-90,6.5,6.99,6.745,68,34
353,Hexadecimal radix-16-reduction-trees,radix-16-reduction-trees,Distributed,c3d-highcpu,c3d-highcpu-90,90,AMD Genoa Zen 4,BLOCKS=3,3,cloud-run-distributed-cluster --arch=c3d --blocks=3 --shape=c3d-highcpu-90,6.5,7.48,6.99,70,24
354,Hexadecimal radix-16-reduction-trees,radix-16-reduction-trees,Distributed,c3d-highcpu,c3d-highcpu-90,90,AMD Genoa Zen 4,BLOCKS=4,4,cloud-run-distributed-cluster --arch=c3d --blocks=4 --shape=c3d-highcpu-90,6.5,7.97,7.235,73,19
355,Hexadecimal radix-16-reduction-trees,radix-16-reduction-trees,Distributed,c3d-highcpu,c3d-highcpu-90,90,AMD Genoa Zen 4,BLOCKS=5,5,cloud-run-distributed-cluster --arch=c3d --blocks=5 --shape=c3d-highcpu-90,6.5,8.46,7.48,75,15
356,Hexadecimal radix-16-reduction-trees,radix-16-reduction-trees,Distributed,c3d-highcpu,c3d-highcpu-180,180,AMD Genoa Zen 4,BLOCKS=1,1,cloud-run-distributed-cluster --arch=c3d --blocks=1 --shape=c3d-highcpu-180,3.9,3.9,3.9,39,39
357,Hexadecimal radix-16-reduction-trees,radix-16-reduction-trees,Distributed,c3d-highcpu,c3d-highcpu-180,180,AMD Genoa Zen 4,BLOCKS=2,2,cloud-run-distributed-cluster --arch=c3d --blocks=2 --shape=c3d-highcpu-180,3.9,4.39,4.145,42,21
358,Hexadecimal radix-16-reduction-trees,radix-16-reduction-trees,Distributed,c3d-highcpu,c3d-highcpu-180,180,AMD Genoa Zen 4,BLOCKS=3,3,cloud-run-distributed-cluster --arch=c3d --blocks=3 --shape=c3d-highcpu-180,3.9,4.88,4.39,44,15
359,Hexadecimal radix-16-reduction-trees,radix-16-reduction-trees,Distributed,c3d-highcpu,c3d-highcpu-180,180,AMD Genoa Zen 4,BLOCKS=4,4,cloud-run-distributed-cluster --arch=c3d --blocks=4 --shape=c3d-highcpu-180,3.9,5.37,4.635,47,12
360,Hexadecimal radix-16-reduction-trees,radix-16-reduction-trees,Distributed,c3d-highcpu,c3d-highcpu-180,180,AMD Genoa Zen 4,BLOCKS=5,5,cloud-run-distributed-cluster --arch=c3d --blocks=5 --shape=c3d-highcpu-180,3.9,5.86,4.88,49,10
361,Hexadecimal radix-16-reduction-trees,radix-16-reduction-trees,Distributed,t2d-standard,t2d-standard-16,16,AMD Milan Zen 3,BLOCKS=1,1,cloud-run-distributed-cluster --arch=t2d --blocks=1 --shape=t2d-standard-16,38.2,38.2,38.2,382,382
362,Hexadecimal radix-16-reduction-trees,radix-16-reduction-trees,Distributed,t2d-standard,t2d-standard-16,16,AMD Milan Zen 3,BLOCKS=2,2,cloud-run-distributed-cluster --arch=t2d --blocks=2 --shape=t2d-standard-16,38.2,38.69,38.445,385,193
363,Hexadecimal radix-16-reduction-trees,radix-16-reduction-trees,Distributed,t2d-standard,t2d-standard-16,16,AMD Milan Zen 3,BLOCKS=3,3,cloud-run-distributed-cluster --arch=t2d --blocks=3 --shape=t2d-standard-16,38.2,39.18,38.69,387,129
364,Hexadecimal radix-16-reduction-trees,radix-16-reduction-trees,Distributed,t2d-standard,t2d-standard-16,16,AMD Milan Zen 3,BLOCKS=4,4,cloud-run-distributed-cluster --arch=t2d --blocks=4 --shape=t2d-standard-16,38.2,39.67,38.935,390,98
365,Hexadecimal radix-16-reduction-trees,radix-16-reduction-trees,Distributed,t2d-standard,t2d-standard-16,16,AMD Milan Zen 3,BLOCKS=5,5,cloud-run-distributed-cluster --arch=t2d --blocks=5 --shape=t2d-standard-16,38.2,40.16,39.18,392,79
366,Hexadecimal radix-16-reduction-trees,radix-16-reduction-trees,Distributed,t2d-standard,t2d-standard-32,32,AMD Milan Zen 3,BLOCKS=1,1,cloud-run-distributed-cluster --arch=t2d --blocks=1 --shape=t2d-standard-32,21.5,21.5,21.5,215,215
367,Hexadecimal radix-16-reduction-trees,radix-16-reduction-trees,Distributed,t2d-standard,t2d-standard-32,32,AMD Milan Zen 3,BLOCKS=2,2,cloud-run-distributed-cluster --arch=t2d --blocks=2 --shape=t2d-standard-32,21.5,21.99,21.745,218,109
368,Hexadecimal radix-16-reduction-trees,radix-16-reduction-trees,Distributed,t2d-standard,t2d-standard-32,32,AMD Milan Zen 3,BLOCKS=3,3,cloud-run-distributed-cluster --arch=t2d --blocks=3 --shape=t2d-standard-32,21.5,22.48,21.99,220,74
369,Hexadecimal radix-16-reduction-trees,radix-16-reduction-trees,Distributed,t2d-standard,t2d-standard-32,32,AMD Milan Zen 3,BLOCKS=4,4,cloud-run-distributed-cluster --arch=t2d --blocks=4 --shape=t2d-standard-32,21.5,22.97,22.235,223,56
370,Hexadecimal radix-16-reduction-trees,radix-16-reduction-trees,Distributed,t2d-standard,t2d-standard-32,32,AMD Milan Zen 3,BLOCKS=5,5,cloud-run-distributed-cluster --arch=t2d --blocks=5 --shape=t2d-standard-32,21.5,23.46,22.48,225,45
371,Hexadecimal radix-16-reduction-trees,radix-16-reduction-trees,Distributed,t2d-standard,t2d-standard-48,48,AMD Milan Zen 3,BLOCKS=1,1,cloud-run-distributed-cluster --arch=t2d --blocks=1 --shape=t2d-standard-48,15.2,15.2,15.2,152,152
372,Hexadecimal radix-16-reduction-trees,radix-16-reduction-trees,Distributed,t2d-standard,t2d-standard-48,48,AMD Milan Zen 3,BLOCKS=2,2,cloud-run-distributed-cluster --arch=t2d --blocks=2 --shape=t2d-standard-48,15.2,15.69,15.445,155,78
373,Hexadecimal radix-16-reduction-trees,radix-16-reduction-trees,Distributed,t2d-standard,t2d-standard-48,48,AMD Milan Zen 3,BLOCKS=3,3,cloud-run-distributed-cluster --arch=t2d --blocks=3 --shape=t2d-standard-48,15.2,16.18,15.69,157,53
374,Hexadecimal radix-16-reduction-trees,radix-16-reduction-trees,Distributed,t2d-standard,t2d-standard-48,48,AMD Milan Zen 3,BLOCKS=4,4,cloud-run-distributed-cluster --arch=t2d --blocks=4 --shape=t2d-standard-48,15.2,16.67,15.935,160,40
375,Hexadecimal radix-16-reduction-trees,radix-16-reduction-trees,Distributed,t2d-standard,t2d-standard-48,48,AMD Milan Zen 3,BLOCKS=5,5,cloud-run-distributed-cluster --arch=t2d --blocks=5 --shape=t2d-standard-48,15.2,17.16,16.18,162,33
376,Hexadecimal radix-16-reduction-trees,radix-16-reduction-trees,Distributed,t2d-standard,t2d-standard-60,60,AMD Milan Zen 3,BLOCKS=1,1,cloud-run-distributed-cluster --arch=t2d --blocks=1 --shape=t2d-standard-60,12.106,12.106,12.106,122,122
377,Hexadecimal radix-16-reduction-trees,radix-16-reduction-trees,Distributed,t2d-standard,t2d-standard-60,60,AMD Milan Zen 3,BLOCKS=2,2,cloud-run-distributed-cluster --arch=t2d --blocks=2 --shape=t2d-standard-60,12.106,12.596,12.351,124,62
378,Hexadecimal radix-16-reduction-trees,radix-16-reduction-trees,Distributed,t2d-standard,t2d-standard-60,60,AMD Milan Zen 3,BLOCKS=3,3,cloud-run-distributed-cluster --arch=t2d --blocks=3 --shape=t2d-standard-60,12.106,13.086,12.596,126,42
379,Hexadecimal radix-16-reduction-trees,radix-16-reduction-trees,Distributed,t2d-standard,t2d-standard-60,60,AMD Milan Zen 3,BLOCKS=4,4,cloud-run-distributed-cluster --arch=t2d --blocks=4 --shape=t2d-standard-60,12.106,13.576,12.841,129,33
380,Hexadecimal radix-16-reduction-trees,radix-16-reduction-trees,Distributed,t2d-standard,t2d-standard-60,60,AMD Milan Zen 3,BLOCKS=5,5,cloud-run-distributed-cluster --arch=t2d --blocks=5 --shape=t2d-standard-60,12.106,14.066,13.086,131,27
